lane,geo_code,geography_name,feature_order,feature_id,feature_label,feature_role,raw_value,display_value,unit,latest_year,time_basis,present,denominator,source_row_hash,source,caveat,order_position,ordering_method
evidence_visibility,PN,Pitcairn,1,fisheries-management-measures-in-place-and-multilateral-and-bilateral-fisheries-management-arrangements,Fisheries management measures in place and multilateral and bilateral fisheries management arrangements,reporting_presence,1.0,100.0,binary reporting presence,,any baseline row represented in reviewed coverage table,True,not applicable; binary reporting presence,not_applicable_aggregate_visibility,Pacific Data Hub official SDMX rows,"Reporting presence describes evidence visibility, not conditions.",1,evidence_visibility: average-linkage seriation over pairwise shared features; no imputation
evidence_visibility,PN,Pitcairn,2,greenhouse-gas-emissions-per-capita,Greenhouse gas emissions per capita,reporting_presence,0.0,0.0,binary reporting presence,,any baseline row represented in reviewed coverage table,False,not applicable; binary reporting presence,not_applicable_aggregate_visibility,Pacific Data Hub official SDMX rows,"Reporting presence describes evidence visibility, not conditions.",1,evidence_visibility: average-linkage seriation over pairwise shared features; no imputation
evidence_visibility,PN,Pitcairn,3,mean-sea-surface-temperature-anomalies,Mean sea surface temperature anomalies,reporting_presence,0.0,0.0,binary reporting presence,,any baseline row represented in reviewed coverage table,False,not applicable; binary reporting presence,not_applicable_aggregate_visibility,Pacific Data Hub official SDMX rows,"Reporting presence describes evidence visibility, not conditions.",1,evidence_visibility: average-linkage seriation over pairwise shared features; no imputation
evidence_visibility,PN,Pitcairn,4,mean-surface-temperature-anomalies,Mean surface temperature anomalies,reporting_presence,1.0,100.0,binary reporting presence,,any baseline row represented in reviewed coverage table,True,not applicable; binary reporting presence,not_applicable_aggregate_visibility,Pacific Data Hub official SDMX rows,"Reporting presence describes evidence visibility, not conditions.",1,evidence_visibility: average-linkage seriation over pairwise shared features; no imputation
evidence_visibility,PN,Pitcairn,5,meteorological-monitoring-network,Meteorological monitoring network,reporting_presence,1.0,100.0,binary reporting presence,2026.0,latest official monitoring reporting status,True,not applicable; binary reporting presence,not_applicable_aggregate_visibility,Pacific Data Hub official SDMX rows,"Reporting presence is a partial monitoring proxy, not preparedness.",1,evidence_visibility: average-linkage seriation over pairwise shared features; no imputation
evidence_visibility,PN,Pitcairn,6,number-of-directly-affected-persons-attributed-to-disasters,Number of directly affected persons attributed to disasters,reporting_presence,0.0,0.0,binary reporting presence,,any baseline row represented in reviewed coverage table,False,not applicable; binary reporting presence,not_applicable_aggregate_visibility,Pacific Data Hub official SDMX rows,"Reporting presence describes evidence visibility, not conditions.",1,evidence_visibility: average-linkage seriation over pairwise shared features; no imputation
evidence_visibility,PN,Pitcairn,7,power-generation,Power generation,reporting_presence,0.0,0.0,binary reporting presence,,any baseline row represented in reviewed coverage table,False,not applicable; binary reporting presence,not_applicable_aggregate_visibility,Pacific Data Hub official SDMX rows,"Reporting presence describes evidence visibility, not conditions.",1,evidence_visibility: average-linkage seriation over pairwise shared features; no imputation
evidence_visibility,PN,Pitcairn,8,rainfall-anomalies,Rainfall anomalies,reporting_presence,1.0,100.0,binary reporting presence,,any baseline row represented in reviewed coverage table,True,not applicable; binary reporting presence,not_applicable_aggregate_visibility,Pacific Data Hub official SDMX rows,"Reporting presence describes evidence visibility, not conditions.",1,evidence_visibility: average-linkage seriation over pairwise shared features; no imputation
evidence_visibility,PN,Pitcairn,9,sea-level-anomalies,Sea level anomalies,reporting_presence,0.0,0.0,binary reporting presence,,any baseline row represented in reviewed coverage table,False,not applicable; binary reporting presence,not_applicable_aggregate_visibility,Pacific Data Hub official SDMX rows,"Reporting presence describes evidence visibility, not conditions.",1,evidence_visibility: average-linkage seriation over pairwise shared features; no imputation
evidence_visibility,PN,Pitcairn,10,population-growth,Projected population growth,reporting_presence,1.0,100.0,binary reporting presence,,"any returned row, 1990-2025",True,not applicable; binary reporting presence,not_applicable_aggregate_visibility,Pacific Data Hub official SDMX rows,"Reporting presence describes evidence visibility, not conditions.",1,evidence_visibility: average-linkage seriation over pairwise shared features; no imputation
evidence_visibility,PN,Pitcairn,11,renewable-energy-share-in-the-total-final-energy-consumption,Renewable energy share,reporting_presence,0.0,0.0,binary reporting presence,,"any returned row, 2000-2023",False,not applicable; binary reporting presence,not_applicable_aggregate_visibility,Pacific Data Hub official SDMX rows,"Reporting presence describes evidence visibility, not conditions.",1,evidence_visibility: average-linkage seriation over pairwise shared features; no imputation
evidence_visibility,PN,Pitcairn,12,proportion-of-population-using-safely-managed-drinking-water-services,Safely managed drinking water,reporting_presence,0.0,0.0,binary reporting presence,,"any returned row, 2000-2022",False,not applicable; binary reporting presence,not_applicable_aggregate_visibility,Pacific Data Hub official SDMX rows,"Reporting presence describes evidence visibility, not conditions.",1,evidence_visibility: average-linkage seriation over pairwise shared features; no imputation
evidence_visibility,PN,Pitcairn,13,direct-disaster-economic-loss,Recorded direct disaster loss,reporting_visibility_only,0.0,0.0,binary reporting presence,,"any returned row, 2007-2020",False,not applicable; binary reporting presence,not_applicable_aggregate_visibility,Pacific Data Hub official SDMX rows,Direct-loss presence is reporting visibility only; absence is not zero loss.,1,evidence_visibility: average-linkage seriation over pairwise shared features; no imputation
evidence_visibility,PN,Pitcairn,14,climate-altering-land-cover-index,Climate-altering land-cover index,reporting_presence,1.0,100.0,binary reporting presence,,"any returned row, 1992-2022",True,not applicable; binary reporting presence,not_applicable_aggregate_visibility,Pacific Data Hub official SDMX rows,"Reporting presence describes evidence visibility, not conditions.",1,evidence_visibility: average-linkage seriation over pairwise shared features; no imputation
evidence_visibility,TK,Tokelau,1,fisheries-management-measures-in-place-and-multilateral-and-bilateral-fisheries-management-arrangements,Fisheries management measures in place and multilateral and bilateral fisheries management arrangements,reporting_presence,1.0,100.0,binary reporting presence,,any baseline row represented in reviewed coverage table,True,not applicable; binary reporting presence,not_applicable_aggregate_visibility,Pacific Data Hub official SDMX rows,"Reporting presence describes evidence visibility, not conditions.",2,evidence_visibility: average-linkage seriation over pairwise shared features; no imputation
evidence_visibility,TK,Tokelau,2,greenhouse-gas-emissions-per-capita,Greenhouse gas emissions per capita,reporting_presence,0.0,0.0,binary reporting presence,,any baseline row represented in reviewed coverage table,False,not applicable; binary reporting presence,not_applicable_aggregate_visibility,Pacific Data Hub official SDMX rows,"Reporting presence describes evidence visibility, not conditions.",2,evidence_visibility: average-linkage seriation over pairwise shared features; no imputation
evidence_visibility,TK,Tokelau,3,mean-sea-surface-temperature-anomalies,Mean sea surface temperature anomalies,reporting_presence,1.0,100.0,binary reporting presence,,any baseline row represented in reviewed coverage table,True,not applicable; binary reporting presence,not_applicable_aggregate_visibility,Pacific Data Hub official SDMX rows,"Reporting presence describes evidence visibility, not conditions.",2,evidence_visibility: average-linkage seriation over pairwise shared features; no imputation
evidence_visibility,TK,Tokelau,4,mean-surface-temperature-anomalies,Mean surface temperature anomalies,reporting_presence,1.0,100.0,binary reporting presence,,any baseline row represented in reviewed coverage table,True,not applicable; binary reporting presence,not_applicable_aggregate_visibility,Pacific Data Hub official SDMX rows,"Reporting presence describes evidence visibility, not conditions.",2,evidence_visibility: average-linkage seriation over pairwise shared features; no imputation
evidence_visibility,TK,Tokelau,5,meteorological-monitoring-network,Meteorological monitoring network,reporting_presence,1.0,100.0,binary reporting presence,2026.0,latest official monitoring reporting status,True,not applicable; binary reporting presence,not_applicable_aggregate_visibility,Pacific Data Hub official SDMX rows,"Reporting presence is a partial monitoring proxy, not preparedness.",2,evidence_visibility: average-linkage seriation over pairwise shared features; no imputation
evidence_visibility,TK,Tokelau,6,number-of-directly-affected-persons-attributed-to-disasters,Number of directly affected persons attributed to disasters,reporting_presence,1.0,100.0,binary reporting presence,,any baseline row represented in reviewed coverage table,True,not applicable; binary reporting presence,not_applicable_aggregate_visibility,Pacific Data Hub official SDMX rows,"Reporting presence describes evidence visibility, not conditions.",2,evidence_visibility: average-linkage seriation over pairwise shared features; no imputation
evidence_visibility,TK,Tokelau,7,power-generation,Power generation,reporting_presence,1.0,100.0,binary reporting presence,,any baseline row represented in reviewed coverage table,True,not applicable; binary reporting presence,not_applicable_aggregate_visibility,Pacific Data Hub official SDMX rows,"Reporting presence describes evidence visibility, not conditions.",2,evidence_visibility: average-linkage seriation over pairwise shared features; no imputation
evidence_visibility,TK,Tokelau,8,rainfall-anomalies,Rainfall anomalies,reporting_presence,1.0,100.0,binary reporting presence,,any baseline row represented in reviewed coverage table,True,not applicable; binary reporting presence,not_applicable_aggregate_visibility,Pacific Data Hub official SDMX rows,"Reporting presence describes evidence visibility, not conditions.",2,evidence_visibility: average-linkage seriation over pairwise shared features; no imputation
evidence_visibility,TK,Tokelau,9,sea-level-anomalies,Sea level anomalies,reporting_presence,1.0,100.0,binary reporting presence,,any baseline row represented in reviewed coverage table,True,not applicable; binary reporting presence,not_applicable_aggregate_visibility,Pacific Data Hub official SDMX rows,"Reporting presence describes evidence visibility, not conditions.",2,evidence_visibility: average-linkage seriation over pairwise shared features; no imputation
evidence_visibility,TK,Tokelau,10,population-growth,Projected population growth,reporting_presence,1.0,100.0,binary reporting presence,,"any returned row, 1990-2025",True,not applicable; binary reporting presence,not_applicable_aggregate_visibility,Pacific Data Hub official SDMX rows,"Reporting presence describes evidence visibility, not conditions.",2,evidence_visibility: average-linkage seriation over pairwise shared features; no imputation
evidence_visibility,TK,Tokelau,11,renewable-energy-share-in-the-total-final-energy-consumption,Renewable energy share,reporting_presence,0.0,0.0,binary reporting presence,,"any returned row, 2000-2023",False,not applicable; binary reporting presence,not_applicable_aggregate_visibility,Pacific Data Hub official SDMX rows,"Reporting presence describes evidence visibility, not conditions.",2,evidence_visibility: average-linkage seriation over pairwise shared features; no imputation
evidence_visibility,TK,Tokelau,12,proportion-of-population-using-safely-managed-drinking-water-services,Safely managed drinking water,reporting_presence,0.0,0.0,binary reporting presence,,"any returned row, 2000-2022",False,not applicable; binary reporting presence,not_applicable_aggregate_visibility,Pacific Data Hub official SDMX rows,"Reporting presence describes evidence visibility, not conditions.",2,evidence_visibility: average-linkage seriation over pairwise shared features; no imputation
evidence_visibility,TK,Tokelau,13,direct-disaster-economic-loss,Recorded direct disaster loss,reporting_visibility_only,0.0,0.0,binary reporting presence,,"any returned row, 2007-2020",False,not applicable; binary reporting presence,not_applicable_aggregate_visibility,Pacific Data Hub official SDMX rows,Direct-loss presence is reporting visibility only; absence is not zero loss.,2,evidence_visibility: average-linkage seriation over pairwise shared features; no imputation
evidence_visibility,TK,Tokelau,14,climate-altering-land-cover-index,Climate-altering land-cover index,reporting_presence,1.0,100.0,binary reporting presence,,"any returned row, 1992-2022",True,not applicable; binary reporting presence,not_applicable_aggregate_visibility,Pacific Data Hub official SDMX rows,"Reporting presence describes evidence visibility, not conditions.",2,evidence_visibility: average-linkage seriation over pairwise shared features; no imputation
evidence_visibility,GU,Guam,1,fisheries-management-measures-in-place-and-multilateral-and-bilateral-fisheries-management-arrangements,Fisheries management measures in place and multilateral and bilateral fisheries management arrangements,reporting_presence,1.0,100.0,binary reporting presence,,any baseline row represented in reviewed coverage table,True,not applicable; binary reporting presence,not_applicable_aggregate_visibility,Pacific Data Hub official SDMX rows,"Reporting presence describes evidence visibility, not conditions.",3,evidence_visibility: average-linkage seriation over pairwise shared features; no imputation
evidence_visibility,GU,Guam,2,greenhouse-gas-emissions-per-capita,Greenhouse gas emissions per capita,reporting_presence,1.0,100.0,binary reporting presence,,any baseline row represented in reviewed coverage table,True,not applicable; binary reporting presence,not_applicable_aggregate_visibility,Pacific Data Hub official SDMX rows,"Reporting presence describes evidence visibility, not conditions.",3,evidence_visibility: average-linkage seriation over pairwise shared features; no imputation
evidence_visibility,GU,Guam,3,mean-sea-surface-temperature-anomalies,Mean sea surface temperature anomalies,reporting_presence,1.0,100.0,binary reporting presence,,any baseline row represented in reviewed coverage table,True,not applicable; binary reporting presence,not_applicable_aggregate_visibility,Pacific Data Hub official SDMX rows,"Reporting presence describes evidence visibility, not conditions.",3,evidence_visibility: average-linkage seriation over pairwise shared features; no imputation
evidence_visibility,GU,Guam,4,mean-surface-temperature-anomalies,Mean surface temperature anomalies,reporting_presence,1.0,100.0,binary reporting presence,,any baseline row represented in reviewed coverage table,True,not applicable; binary reporting presence,not_applicable_aggregate_visibility,Pacific Data Hub official SDMX rows,"Reporting presence describes evidence visibility, not conditions.",3,evidence_visibility: average-linkage seriation over pairwise shared features; no imputation
evidence_visibility,GU,Guam,5,meteorological-monitoring-network,Meteorological monitoring network,reporting_presence,0.0,0.0,binary reporting presence,,latest official monitoring reporting status,False,not applicable; binary reporting presence,not_applicable_aggregate_visibility,Pacific Data Hub official SDMX rows,"Reporting presence is a partial monitoring proxy, not preparedness.",3,evidence_visibility: average-linkage seriation over pairwise shared features; no imputation
evidence_visibility,GU,Guam,6,number-of-directly-affected-persons-attributed-to-disasters,Number of directly affected persons attributed to disasters,reporting_presence,1.0,100.0,binary reporting presence,,any baseline row represented in reviewed coverage table,True,not applicable; binary reporting presence,not_applicable_aggregate_visibility,Pacific Data Hub official SDMX rows,"Reporting presence describes evidence visibility, not conditions.",3,evidence_visibility: average-linkage seriation over pairwise shared features; no imputation
evidence_visibility,GU,Guam,7,power-generation,Power generation,reporting_presence,1.0,100.0,binary reporting presence,,any baseline row represented in reviewed coverage table,True,not applicable; binary reporting presence,not_applicable_aggregate_visibility,Pacific Data Hub official SDMX rows,"Reporting presence describes evidence visibility, not conditions.",3,evidence_visibility: average-linkage seriation over pairwise shared features; no imputation
evidence_visibility,GU,Guam,8,rainfall-anomalies,Rainfall anomalies,reporting_presence,1.0,100.0,binary reporting presence,,any baseline row represented in reviewed coverage table,True,not applicable; binary reporting presence,not_applicable_aggregate_visibility,Pacific Data Hub official SDMX rows,"Reporting presence describes evidence visibility, not conditions.",3,evidence_visibility: average-linkage seriation over pairwise shared features; no imputation
evidence_visibility,GU,Guam,9,sea-level-anomalies,Sea level anomalies,reporting_presence,1.0,100.0,binary reporting presence,,any baseline row represented in reviewed coverage table,True,not applicable; binary reporting presence,not_applicable_aggregate_visibility,Pacific Data Hub official SDMX rows,"Reporting presence describes evidence visibility, not conditions.",3,evidence_visibility: average-linkage seriation over pairwise shared features; no imputation
evidence_visibility,GU,Guam,10,population-growth,Projected population growth,reporting_presence,1.0,100.0,binary reporting presence,,"any returned row, 1990-2025",True,not applicable; binary reporting presence,not_applicable_aggregate_visibility,Pacific Data Hub official SDMX rows,"Reporting presence describes evidence visibility, not conditions.",3,evidence_visibility: average-linkage seriation over pairwise shared features; no imputation
evidence_visibility,GU,Guam,11,renewable-energy-share-in-the-total-final-energy-consumption,Renewable energy share,reporting_presence,1.0,100.0,binary reporting presence,,"any returned row, 2000-2023",True,not applicable; binary reporting presence,not_applicable_aggregate_visibility,Pacific Data Hub official SDMX rows,"Reporting presence describes evidence visibility, not conditions.",3,evidence_visibility: average-linkage seriation over pairwise shared features; no imputation
evidence_visibility,GU,Guam,12,proportion-of-population-using-safely-managed-drinking-water-services,Safely managed drinking water,reporting_presence,0.0,0.0,binary reporting presence,,"any returned row, 2000-2022",False,not applicable; binary reporting presence,not_applicable_aggregate_visibility,Pacific Data Hub official SDMX rows,"Reporting presence describes evidence visibility, not conditions.",3,evidence_visibility: average-linkage seriation over pairwise shared features; no imputation
evidence_visibility,GU,Guam,13,direct-disaster-economic-loss,Recorded direct disaster loss,reporting_visibility_only,0.0,0.0,binary reporting presence,,"any returned row, 2007-2020",False,not applicable; binary reporting presence,not_applicable_aggregate_visibility,Pacific Data Hub official SDMX rows,Direct-loss presence is reporting visibility only; absence is not zero loss.,3,evidence_visibility: average-linkage seriation over pairwise shared features; no imputation
evidence_visibility,GU,Guam,14,climate-altering-land-cover-index,Climate-altering land-cover index,reporting_presence,1.0,100.0,binary reporting presence,,"any returned row, 1992-2022",True,not applicable; binary reporting presence,not_applicable_aggregate_visibility,Pacific Data Hub official SDMX rows,"Reporting presence describes evidence visibility, not conditions.",3,evidence_visibility: average-linkage seriation over pairwise shared features; no imputation
evidence_visibility,AS,American Samoa,1,fisheries-management-measures-in-place-and-multilateral-and-bilateral-fisheries-management-arrangements,Fisheries management measures in place and multilateral and bilateral fisheries management arrangements,reporting_presence,1.0,100.0,binary reporting presence,,any baseline row represented in reviewed coverage table,True,not applicable; binary reporting presence,not_applicable_aggregate_visibility,Pacific Data Hub official SDMX rows,"Reporting presence describes evidence visibility, not conditions.",4,evidence_visibility: average-linkage seriation over pairwise shared features; no imputation
evidence_visibility,AS,American Samoa,2,greenhouse-gas-emissions-per-capita,Greenhouse gas emissions per capita,reporting_presence,1.0,100.0,binary reporting presence,,any baseline row represented in reviewed coverage table,True,not applicable; binary reporting presence,not_applicable_aggregate_visibility,Pacific Data Hub official SDMX rows,"Reporting presence describes evidence visibility, not conditions.",4,evidence_visibility: average-linkage seriation over pairwise shared features; no imputation
evidence_visibility,AS,American Samoa,3,mean-sea-surface-temperature-anomalies,Mean sea surface temperature anomalies,reporting_presence,1.0,100.0,binary reporting presence,,any baseline row represented in reviewed coverage table,True,not applicable; binary reporting presence,not_applicable_aggregate_visibility,Pacific Data Hub official SDMX rows,"Reporting presence describes evidence visibility, not conditions.",4,evidence_visibility: average-linkage seriation over pairwise shared features; no imputation
evidence_visibility,AS,American Samoa,4,mean-surface-temperature-anomalies,Mean surface temperature anomalies,reporting_presence,1.0,100.0,binary reporting presence,,any baseline row represented in reviewed coverage table,True,not applicable; binary reporting presence,not_applicable_aggregate_visibility,Pacific Data Hub official SDMX rows,"Reporting presence describes evidence visibility, not conditions.",4,evidence_visibility: average-linkage seriation over pairwise shared features; no imputation
evidence_visibility,AS,American Samoa,5,meteorological-monitoring-network,Meteorological monitoring network,reporting_presence,0.0,0.0,binary reporting presence,,latest official monitoring reporting status,False,not applicable; binary reporting presence,not_applicable_aggregate_visibility,Pacific Data Hub official SDMX rows,"Reporting presence is a partial monitoring proxy, not preparedness.",4,evidence_visibility: average-linkage seriation over pairwise shared features; no imputation
evidence_visibility,AS,American Samoa,6,number-of-directly-affected-persons-attributed-to-disasters,Number of directly affected persons attributed to disasters,reporting_presence,1.0,100.0,binary reporting presence,,any baseline row represented in reviewed coverage table,True,not applicable; binary reporting presence,not_applicable_aggregate_visibility,Pacific Data Hub official SDMX rows,"Reporting presence describes evidence visibility, not conditions.",4,evidence_visibility: average-linkage seriation over pairwise shared features; no imputation
evidence_visibility,AS,American Samoa,7,power-generation,Power generation,reporting_presence,0.0,0.0,binary reporting presence,,any baseline row represented in reviewed coverage table,False,not applicable; binary reporting presence,not_applicable_aggregate_visibility,Pacific Data Hub official SDMX rows,"Reporting presence describes evidence visibility, not conditions.",4,evidence_visibility: average-linkage seriation over pairwise shared features; no imputation
evidence_visibility,AS,American Samoa,8,rainfall-anomalies,Rainfall anomalies,reporting_presence,1.0,100.0,binary reporting presence,,any baseline row represented in reviewed coverage table,True,not applicable; binary reporting presence,not_applicable_aggregate_visibility,Pacific Data Hub official SDMX rows,"Reporting presence describes evidence visibility, not conditions.",4,evidence_visibility: average-linkage seriation over pairwise shared features; no imputation
evidence_visibility,AS,American Samoa,9,sea-level-anomalies,Sea level anomalies,reporting_presence,1.0,100.0,binary reporting presence,,any baseline row represented in reviewed coverage table,True,not applicable; binary reporting presence,not_applicable_aggregate_visibility,Pacific Data Hub official SDMX rows,"Reporting presence describes evidence visibility, not conditions.",4,evidence_visibility: average-linkage seriation over pairwise shared features; no imputation
evidence_visibility,AS,American Samoa,10,population-growth,Projected population growth,reporting_presence,1.0,100.0,binary reporting presence,,"any returned row, 1990-2025",True,not applicable; binary reporting presence,not_applicable_aggregate_visibility,Pacific Data Hub official SDMX rows,"Reporting presence describes evidence visibility, not conditions.",4,evidence_visibility: average-linkage seriation over pairwise shared features; no imputation
evidence_visibility,AS,American Samoa,11,renewable-energy-share-in-the-total-final-energy-consumption,Renewable energy share,reporting_presence,1.0,100.0,binary reporting presence,,"any returned row, 2000-2023",True,not applicable; binary reporting presence,not_applicable_aggregate_visibility,Pacific Data Hub official SDMX rows,"Reporting presence describes evidence visibility, not conditions.",4,evidence_visibility: average-linkage seriation over pairwise shared features; no imputation
evidence_visibility,AS,American Samoa,12,proportion-of-population-using-safely-managed-drinking-water-services,Safely managed drinking water,reporting_presence,1.0,100.0,binary reporting presence,,"any returned row, 2000-2022",True,not applicable; binary reporting presence,not_applicable_aggregate_visibility,Pacific Data Hub official SDMX rows,"Reporting presence describes evidence visibility, not conditions.",4,evidence_visibility: average-linkage seriation over pairwise shared features; no imputation
evidence_visibility,AS,American Samoa,13,direct-disaster-economic-loss,Recorded direct disaster loss,reporting_visibility_only,0.0,0.0,binary reporting presence,,"any returned row, 2007-2020",False,not applicable; binary reporting presence,not_applicable_aggregate_visibility,Pacific Data Hub official SDMX rows,Direct-loss presence is reporting visibility only; absence is not zero loss.,4,evidence_visibility: average-linkage seriation over pairwise shared features; no imputation
evidence_visibility,AS,American Samoa,14,climate-altering-land-cover-index,Climate-altering land-cover index,reporting_presence,1.0,100.0,binary reporting presence,,"any returned row, 1992-2022",True,not applicable; binary reporting presence,not_applicable_aggregate_visibility,Pacific Data Hub official SDMX rows,"Reporting presence describes evidence visibility, not conditions.",4,evidence_visibility: average-linkage seriation over pairwise shared features; no imputation
evidence_visibility,MP,Northern Mariana Islands,1,fisheries-management-measures-in-place-and-multilateral-and-bilateral-fisheries-management-arrangements,Fisheries management measures in place and multilateral and bilateral fisheries management arrangements,reporting_presence,1.0,100.0,binary reporting presence,,any baseline row represented in reviewed coverage table,True,not applicable; binary reporting presence,not_applicable_aggregate_visibility,Pacific Data Hub official SDMX rows,"Reporting presence describes evidence visibility, not conditions.",5,evidence_visibility: average-linkage seriation over pairwise shared features; no imputation
evidence_visibility,MP,Northern Mariana Islands,2,greenhouse-gas-emissions-per-capita,Greenhouse gas emissions per capita,reporting_presence,1.0,100.0,binary reporting presence,,any baseline row represented in reviewed coverage table,True,not applicable; binary reporting presence,not_applicable_aggregate_visibility,Pacific Data Hub official SDMX rows,"Reporting presence describes evidence visibility, not conditions.",5,evidence_visibility: average-linkage seriation over pairwise shared features; no imputation
evidence_visibility,MP,Northern Mariana Islands,3,mean-sea-surface-temperature-anomalies,Mean sea surface temperature anomalies,reporting_presence,1.0,100.0,binary reporting presence,,any baseline row represented in reviewed coverage table,True,not applicable; binary reporting presence,not_applicable_aggregate_visibility,Pacific Data Hub official SDMX rows,"Reporting presence describes evidence visibility, not conditions.",5,evidence_visibility: average-linkage seriation over pairwise shared features; no imputation
evidence_visibility,MP,Northern Mariana Islands,4,mean-surface-temperature-anomalies,Mean surface temperature anomalies,reporting_presence,1.0,100.0,binary reporting presence,,any baseline row represented in reviewed coverage table,True,not applicable; binary reporting presence,not_applicable_aggregate_visibility,Pacific Data Hub official SDMX rows,"Reporting presence describes evidence visibility, not conditions.",5,evidence_visibility: average-linkage seriation over pairwise shared features; no imputation
evidence_visibility,MP,Northern Mariana Islands,5,meteorological-monitoring-network,Meteorological monitoring network,reporting_presence,0.0,0.0,binary reporting presence,,latest official monitoring reporting status,False,not applicable; binary reporting presence,not_applicable_aggregate_visibility,Pacific Data Hub official SDMX rows,"Reporting presence is a partial monitoring proxy, not preparedness.",5,evidence_visibility: average-linkage seriation over pairwise shared features; no imputation
evidence_visibility,MP,Northern Mariana Islands,6,number-of-directly-affected-persons-attributed-to-disasters,Number of directly affected persons attributed to disasters,reporting_presence,1.0,100.0,binary reporting presence,,any baseline row represented in reviewed coverage table,True,not applicable; binary reporting presence,not_applicable_aggregate_visibility,Pacific Data Hub official SDMX rows,"Reporting presence describes evidence visibility, not conditions.",5,evidence_visibility: average-linkage seriation over pairwise shared features; no imputation
evidence_visibility,MP,Northern Mariana Islands,7,power-generation,Power generation,reporting_presence,0.0,0.0,binary reporting presence,,any baseline row represented in reviewed coverage table,False,not applicable; binary reporting presence,not_applicable_aggregate_visibility,Pacific Data Hub official SDMX rows,"Reporting presence describes evidence visibility, not conditions.",5,evidence_visibility: average-linkage seriation over pairwise shared features; no imputation
evidence_visibility,MP,Northern Mariana Islands,8,rainfall-anomalies,Rainfall anomalies,reporting_presence,1.0,100.0,binary reporting presence,,any baseline row represented in reviewed coverage table,True,not applicable; binary reporting presence,not_applicable_aggregate_visibility,Pacific Data Hub official SDMX rows,"Reporting presence describes evidence visibility, not conditions.",5,evidence_visibility: average-linkage seriation over pairwise shared features; no imputation
evidence_visibility,MP,Northern Mariana Islands,9,sea-level-anomalies,Sea level anomalies,reporting_presence,1.0,100.0,binary reporting presence,,any baseline row represented in reviewed coverage table,True,not applicable; binary reporting presence,not_applicable_aggregate_visibility,Pacific Data Hub official SDMX rows,"Reporting presence describes evidence visibility, not conditions.",5,evidence_visibility: average-linkage seriation over pairwise shared features; no imputation
evidence_visibility,MP,Northern Mariana Islands,10,population-growth,Projected population growth,reporting_presence,1.0,100.0,binary reporting presence,,"any returned row, 1990-2025",True,not applicable; binary reporting presence,not_applicable_aggregate_visibility,Pacific Data Hub official SDMX rows,"Reporting presence describes evidence visibility, not conditions.",5,evidence_visibility: average-linkage seriation over pairwise shared features; no imputation
evidence_visibility,MP,Northern Mariana Islands,11,renewable-energy-share-in-the-total-final-energy-consumption,Renewable energy share,reporting_presence,1.0,100.0,binary reporting presence,,"any returned row, 2000-2023",True,not applicable; binary reporting presence,not_applicable_aggregate_visibility,Pacific Data Hub official SDMX rows,"Reporting presence describes evidence visibility, not conditions.",5,evidence_visibility: average-linkage seriation over pairwise shared features; no imputation
evidence_visibility,MP,Northern Mariana Islands,12,proportion-of-population-using-safely-managed-drinking-water-services,Safely managed drinking water,reporting_presence,1.0,100.0,binary reporting presence,,"any returned row, 2000-2022",True,not applicable; binary reporting presence,not_applicable_aggregate_visibility,Pacific Data Hub official SDMX rows,"Reporting presence describes evidence visibility, not conditions.",5,evidence_visibility: average-linkage seriation over pairwise shared features; no imputation
evidence_visibility,MP,Northern Mariana Islands,13,direct-disaster-economic-loss,Recorded direct disaster loss,reporting_visibility_only,0.0,0.0,binary reporting presence,,"any returned row, 2007-2020",False,not applicable; binary reporting presence,not_applicable_aggregate_visibility,Pacific Data Hub official SDMX rows,Direct-loss presence is reporting visibility only; absence is not zero loss.,5,evidence_visibility: average-linkage seriation over pairwise shared features; no imputation
evidence_visibility,MP,Northern Mariana Islands,14,climate-altering-land-cover-index,Climate-altering land-cover index,reporting_presence,1.0,100.0,binary reporting presence,,"any returned row, 1992-2022",True,not applicable; binary reporting presence,not_applicable_aggregate_visibility,Pacific Data Hub official SDMX rows,"Reporting presence describes evidence visibility, not conditions.",5,evidence_visibility: average-linkage seriation over pairwise shared features; no imputation
evidence_visibility,WF,Wallis and Futuna Islands,1,fisheries-management-measures-in-place-and-multilateral-and-bilateral-fisheries-management-arrangements,Fisheries management measures in place and multilateral and bilateral fisheries management arrangements,reporting_presence,1.0,100.0,binary reporting presence,,any baseline row represented in reviewed coverage table,True,not applicable; binary reporting presence,not_applicable_aggregate_visibility,Pacific Data Hub official SDMX rows,"Reporting presence describes evidence visibility, not conditions.",6,evidence_visibility: average-linkage seriation over pairwise shared features; no imputation
evidence_visibility,WF,Wallis and Futuna Islands,2,greenhouse-gas-emissions-per-capita,Greenhouse gas emissions per capita,reporting_presence,0.0,0.0,binary reporting presence,,any baseline row represented in reviewed coverage table,False,not applicable; binary reporting presence,not_applicable_aggregate_visibility,Pacific Data Hub official SDMX rows,"Reporting presence describes evidence visibility, not conditions.",6,evidence_visibility: average-linkage seriation over pairwise shared features; no imputation
evidence_visibility,WF,Wallis and Futuna Islands,3,mean-sea-surface-temperature-anomalies,Mean sea surface temperature anomalies,reporting_presence,1.0,100.0,binary reporting presence,,any baseline row represented in reviewed coverage table,True,not applicable; binary reporting presence,not_applicable_aggregate_visibility,Pacific Data Hub official SDMX rows,"Reporting presence describes evidence visibility, not conditions.",6,evidence_visibility: average-linkage seriation over pairwise shared features; no imputation
evidence_visibility,WF,Wallis and Futuna Islands,4,mean-surface-temperature-anomalies,Mean surface temperature anomalies,reporting_presence,1.0,100.0,binary reporting presence,,any baseline row represented in reviewed coverage table,True,not applicable; binary reporting presence,not_applicable_aggregate_visibility,Pacific Data Hub official SDMX rows,"Reporting presence describes evidence visibility, not conditions.",6,evidence_visibility: average-linkage seriation over pairwise shared features; no imputation
evidence_visibility,WF,Wallis and Futuna Islands,5,meteorological-monitoring-network,Meteorological monitoring network,reporting_presence,0.0,0.0,binary reporting presence,,latest official monitoring reporting status,False,not applicable; binary reporting presence,not_applicable_aggregate_visibility,Pacific Data Hub official SDMX rows,"Reporting presence is a partial monitoring proxy, not preparedness.",6,evidence_visibility: average-linkage seriation over pairwise shared features; no imputation
evidence_visibility,WF,Wallis and Futuna Islands,6,number-of-directly-affected-persons-attributed-to-disasters,Number of directly affected persons attributed to disasters,reporting_presence,1.0,100.0,binary reporting presence,,any baseline row represented in reviewed coverage table,True,not applicable; binary reporting presence,not_applicable_aggregate_visibility,Pacific Data Hub official SDMX rows,"Reporting presence describes evidence visibility, not conditions.",6,evidence_visibility: average-linkage seriation over pairwise shared features; no imputation
evidence_visibility,WF,Wallis and Futuna Islands,7,power-generation,Power generation,reporting_presence,0.0,0.0,binary reporting presence,,any baseline row represented in reviewed coverage table,False,not applicable; binary reporting presence,not_applicable_aggregate_visibility,Pacific Data Hub official SDMX rows,"Reporting presence describes evidence visibility, not conditions.",6,evidence_visibility: average-linkage seriation over pairwise shared features; no imputation
evidence_visibility,WF,Wallis and Futuna Islands,8,rainfall-anomalies,Rainfall anomalies,reporting_presence,1.0,100.0,binary reporting presence,,any baseline row represented in reviewed coverage table,True,not applicable; binary reporting presence,not_applicable_aggregate_visibility,Pacific Data Hub official SDMX rows,"Reporting presence describes evidence visibility, not conditions.",6,evidence_visibility: average-linkage seriation over pairwise shared features; no imputation
evidence_visibility,WF,Wallis and Futuna Islands,9,sea-level-anomalies,Sea level anomalies,reporting_presence,1.0,100.0,binary reporting presence,,any baseline row represented in reviewed coverage table,True,not applicable; binary reporting presence,not_applicable_aggregate_visibility,Pacific Data Hub official SDMX rows,"Reporting presence describes evidence visibility, not conditions.",6,evidence_visibility: average-linkage seriation over pairwise shared features; no imputation
evidence_visibility,WF,Wallis and Futuna Islands,10,population-growth,Projected population growth,reporting_presence,1.0,100.0,binary reporting presence,,"any returned row, 1990-2025",True,not applicable; binary reporting presence,not_applicable_aggregate_visibility,Pacific Data Hub official SDMX rows,"Reporting presence describes evidence visibility, not conditions.",6,evidence_visibility: average-linkage seriation over pairwise shared features; no imputation
evidence_visibility,WF,Wallis and Futuna Islands,11,renewable-energy-share-in-the-total-final-energy-consumption,Renewable energy share,reporting_presence,1.0,100.0,binary reporting presence,,"any returned row, 2000-2023",True,not applicable; binary reporting presence,not_applicable_aggregate_visibility,Pacific Data Hub official SDMX rows,"Reporting presence describes evidence visibility, not conditions.",6,evidence_visibility: average-linkage seriation over pairwise shared features; no imputation
evidence_visibility,WF,Wallis and Futuna Islands,12,proportion-of-population-using-safely-managed-drinking-water-services,Safely managed drinking water,reporting_presence,1.0,100.0,binary reporting presence,,"any returned row, 2000-2022",True,not applicable; binary reporting presence,not_applicable_aggregate_visibility,Pacific Data Hub official SDMX rows,"Reporting presence describes evidence visibility, not conditions.",6,evidence_visibility: average-linkage seriation over pairwise shared features; no imputation
evidence_visibility,WF,Wallis and Futuna Islands,13,direct-disaster-economic-loss,Recorded direct disaster loss,reporting_visibility_only,0.0,0.0,binary reporting presence,,"any returned row, 2007-2020",False,not applicable; binary reporting presence,not_applicable_aggregate_visibility,Pacific Data Hub official SDMX rows,Direct-loss presence is reporting visibility only; absence is not zero loss.,6,evidence_visibility: average-linkage seriation over pairwise shared features; no imputation
evidence_visibility,WF,Wallis and Futuna Islands,14,climate-altering-land-cover-index,Climate-altering land-cover index,reporting_presence,1.0,100.0,binary reporting presence,,"any returned row, 1992-2022",True,not applicable; binary reporting presence,not_applicable_aggregate_visibility,Pacific Data Hub official SDMX rows,"Reporting presence describes evidence visibility, not conditions.",6,evidence_visibility: average-linkage seriation over pairwise shared features; no imputation
evidence_visibility,CK,Cook Islands,1,fisheries-management-measures-in-place-and-multilateral-and-bilateral-fisheries-management-arrangements,Fisheries management measures in place and multilateral and bilateral fisheries management arrangements,reporting_presence,1.0,100.0,binary reporting presence,,any baseline row represented in reviewed coverage table,True,not applicable; binary reporting presence,not_applicable_aggregate_visibility,Pacific Data Hub official SDMX rows,"Reporting presence describes evidence visibility, not conditions.",7,evidence_visibility: average-linkage seriation over pairwise shared features; no imputation
evidence_visibility,CK,Cook Islands,2,greenhouse-gas-emissions-per-capita,Greenhouse gas emissions per capita,reporting_presence,0.0,0.0,binary reporting presence,,any baseline row represented in reviewed coverage table,False,not applicable; binary reporting presence,not_applicable_aggregate_visibility,Pacific Data Hub official SDMX rows,"Reporting presence describes evidence visibility, not conditions.",7,evidence_visibility: average-linkage seriation over pairwise shared features; no imputation
evidence_visibility,CK,Cook Islands,3,mean-sea-surface-temperature-anomalies,Mean sea surface temperature anomalies,reporting_presence,1.0,100.0,binary reporting presence,,any baseline row represented in reviewed coverage table,True,not applicable; binary reporting presence,not_applicable_aggregate_visibility,Pacific Data Hub official SDMX rows,"Reporting presence describes evidence visibility, not conditions.",7,evidence_visibility: average-linkage seriation over pairwise shared features; no imputation
evidence_visibility,CK,Cook Islands,4,mean-surface-temperature-anomalies,Mean surface temperature anomalies,reporting_presence,1.0,100.0,binary reporting presence,,any baseline row represented in reviewed coverage table,True,not applicable; binary reporting presence,not_applicable_aggregate_visibility,Pacific Data Hub official SDMX rows,"Reporting presence describes evidence visibility, not conditions.",7,evidence_visibility: average-linkage seriation over pairwise shared features; no imputation
evidence_visibility,CK,Cook Islands,5,meteorological-monitoring-network,Meteorological monitoring network,reporting_presence,1.0,100.0,binary reporting presence,2026.0,latest official monitoring reporting status,True,not applicable; binary reporting presence,not_applicable_aggregate_visibility,Pacific Data Hub official SDMX rows,"Reporting presence is a partial monitoring proxy, not preparedness.",7,evidence_visibility: average-linkage seriation over pairwise shared features; no imputation
evidence_visibility,CK,Cook Islands,6,number-of-directly-affected-persons-attributed-to-disasters,Number of directly affected persons attributed to disasters,reporting_presence,1.0,100.0,binary reporting presence,,any baseline row represented in reviewed coverage table,True,not applicable; binary reporting presence,not_applicable_aggregate_visibility,Pacific Data Hub official SDMX rows,"Reporting presence describes evidence visibility, not conditions.",7,evidence_visibility: average-linkage seriation over pairwise shared features; no imputation
evidence_visibility,CK,Cook Islands,7,power-generation,Power generation,reporting_presence,1.0,100.0,binary reporting presence,,any baseline row represented in reviewed coverage table,True,not applicable; binary reporting presence,not_applicable_aggregate_visibility,Pacific Data Hub official SDMX rows,"Reporting presence describes evidence visibility, not conditions.",7,evidence_visibility: average-linkage seriation over pairwise shared features; no imputation
evidence_visibility,CK,Cook Islands,8,rainfall-anomalies,Rainfall anomalies,reporting_presence,1.0,100.0,binary reporting presence,,any baseline row represented in reviewed coverage table,True,not applicable; binary reporting presence,not_applicable_aggregate_visibility,Pacific Data Hub official SDMX rows,"Reporting presence describes evidence visibility, not conditions.",7,evidence_visibility: average-linkage seriation over pairwise shared features; no imputation
evidence_visibility,CK,Cook Islands,9,sea-level-anomalies,Sea level anomalies,reporting_presence,1.0,100.0,binary reporting presence,,any baseline row represented in reviewed coverage table,True,not applicable; binary reporting presence,not_applicable_aggregate_visibility,Pacific Data Hub official SDMX rows,"Reporting presence describes evidence visibility, not conditions.",7,evidence_visibility: average-linkage seriation over pairwise shared features; no imputation
evidence_visibility,CK,Cook Islands,10,population-growth,Projected population growth,reporting_presence,1.0,100.0,binary reporting presence,,"any returned row, 1990-2025",True,not applicable; binary reporting presence,not_applicable_aggregate_visibility,Pacific Data Hub official SDMX rows,"Reporting presence describes evidence visibility, not conditions.",7,evidence_visibility: average-linkage seriation over pairwise shared features; no imputation
evidence_visibility,CK,Cook Islands,11,renewable-energy-share-in-the-total-final-energy-consumption,Renewable energy share,reporting_presence,1.0,100.0,binary reporting presence,,"any returned row, 2000-2023",True,not applicable; binary reporting presence,not_applicable_aggregate_visibility,Pacific Data Hub official SDMX rows,"Reporting presence describes evidence visibility, not conditions.",7,evidence_visibility: average-linkage seriation over pairwise shared features; no imputation
evidence_visibility,CK,Cook Islands,12,proportion-of-population-using-safely-managed-drinking-water-services,Safely managed drinking water,reporting_presence,1.0,100.0,binary reporting presence,,"any returned row, 2000-2022",True,not applicable; binary reporting presence,not_applicable_aggregate_visibility,Pacific Data Hub official SDMX rows,"Reporting presence describes evidence visibility, not conditions.",7,evidence_visibility: average-linkage seriation over pairwise shared features; no imputation
evidence_visibility,CK,Cook Islands,13,direct-disaster-economic-loss,Recorded direct disaster loss,reporting_visibility_only,0.0,0.0,binary reporting presence,,"any returned row, 2007-2020",False,not applicable; binary reporting presence,not_applicable_aggregate_visibility,Pacific Data Hub official SDMX rows,Direct-loss presence is reporting visibility only; absence is not zero loss.,7,evidence_visibility: average-linkage seriation over pairwise shared features; no imputation
evidence_visibility,CK,Cook Islands,14,climate-altering-land-cover-index,Climate-altering land-cover index,reporting_presence,1.0,100.0,binary reporting presence,,"any returned row, 1992-2022",True,not applicable; binary reporting presence,not_applicable_aggregate_visibility,Pacific Data Hub official SDMX rows,"Reporting presence describes evidence visibility, not conditions.",7,evidence_visibility: average-linkage seriation over pairwise shared features; no imputation
evidence_visibility,NU,Niue,1,fisheries-management-measures-in-place-and-multilateral-and-bilateral-fisheries-management-arrangements,Fisheries management measures in place and multilateral and bilateral fisheries management arrangements,reporting_presence,1.0,100.0,binary reporting presence,,any baseline row represented in reviewed coverage table,True,not applicable; binary reporting presence,not_applicable_aggregate_visibility,Pacific Data Hub official SDMX rows,"Reporting presence describes evidence visibility, not conditions.",8,evidence_visibility: average-linkage seriation over pairwise shared features; no imputation
evidence_visibility,NU,Niue,2,greenhouse-gas-emissions-per-capita,Greenhouse gas emissions per capita,reporting_presence,0.0,0.0,binary reporting presence,,any baseline row represented in reviewed coverage table,False,not applicable; binary reporting presence,not_applicable_aggregate_visibility,Pacific Data Hub official SDMX rows,"Reporting presence describes evidence visibility, not conditions.",8,evidence_visibility: average-linkage seriation over pairwise shared features; no imputation
evidence_visibility,NU,Niue,3,mean-sea-surface-temperature-anomalies,Mean sea surface temperature anomalies,reporting_presence,1.0,100.0,binary reporting presence,,any baseline row represented in reviewed coverage table,True,not applicable; binary reporting presence,not_applicable_aggregate_visibility,Pacific Data Hub official SDMX rows,"Reporting presence describes evidence visibility, not conditions.",8,evidence_visibility: average-linkage seriation over pairwise shared features; no imputation
evidence_visibility,NU,Niue,4,mean-surface-temperature-anomalies,Mean surface temperature anomalies,reporting_presence,1.0,100.0,binary reporting presence,,any baseline row represented in reviewed coverage table,True,not applicable; binary reporting presence,not_applicable_aggregate_visibility,Pacific Data Hub official SDMX rows,"Reporting presence describes evidence visibility, not conditions.",8,evidence_visibility: average-linkage seriation over pairwise shared features; no imputation
evidence_visibility,NU,Niue,5,meteorological-monitoring-network,Meteorological monitoring network,reporting_presence,1.0,100.0,binary reporting presence,2026.0,latest official monitoring reporting status,True,not applicable; binary reporting presence,not_applicable_aggregate_visibility,Pacific Data Hub official SDMX rows,"Reporting presence is a partial monitoring proxy, not preparedness.",8,evidence_visibility: average-linkage seriation over pairwise shared features; no imputation
evidence_visibility,NU,Niue,6,number-of-directly-affected-persons-attributed-to-disasters,Number of directly affected persons attributed to disasters,reporting_presence,1.0,100.0,binary reporting presence,,any baseline row represented in reviewed coverage table,True,not applicable; binary reporting presence,not_applicable_aggregate_visibility,Pacific Data Hub official SDMX rows,"Reporting presence describes evidence visibility, not conditions.",8,evidence_visibility: average-linkage seriation over pairwise shared features; no imputation
evidence_visibility,NU,Niue,7,power-generation,Power generation,reporting_presence,1.0,100.0,binary reporting presence,,any baseline row represented in reviewed coverage table,True,not applicable; binary reporting presence,not_applicable_aggregate_visibility,Pacific Data Hub official SDMX rows,"Reporting presence describes evidence visibility, not conditions.",8,evidence_visibility: average-linkage seriation over pairwise shared features; no imputation
evidence_visibility,NU,Niue,8,rainfall-anomalies,Rainfall anomalies,reporting_presence,1.0,100.0,binary reporting presence,,any baseline row represented in reviewed coverage table,True,not applicable; binary reporting presence,not_applicable_aggregate_visibility,Pacific Data Hub official SDMX rows,"Reporting presence describes evidence visibility, not conditions.",8,evidence_visibility: average-linkage seriation over pairwise shared features; no imputation
evidence_visibility,NU,Niue,9,sea-level-anomalies,Sea level anomalies,reporting_presence,1.0,100.0,binary reporting presence,,any baseline row represented in reviewed coverage table,True,not applicable; binary reporting presence,not_applicable_aggregate_visibility,Pacific Data Hub official SDMX rows,"Reporting presence describes evidence visibility, not conditions.",8,evidence_visibility: average-linkage seriation over pairwise shared features; no imputation
evidence_visibility,NU,Niue,10,population-growth,Projected population growth,reporting_presence,1.0,100.0,binary reporting presence,,"any returned row, 1990-2025",True,not applicable; binary reporting presence,not_applicable_aggregate_visibility,Pacific Data Hub official SDMX rows,"Reporting presence describes evidence visibility, not conditions.",8,evidence_visibility: average-linkage seriation over pairwise shared features; no imputation
evidence_visibility,NU,Niue,11,renewable-energy-share-in-the-total-final-energy-consumption,Renewable energy share,reporting_presence,1.0,100.0,binary reporting presence,,"any returned row, 2000-2023",True,not applicable; binary reporting presence,not_applicable_aggregate_visibility,Pacific Data Hub official SDMX rows,"Reporting presence describes evidence visibility, not conditions.",8,evidence_visibility: average-linkage seriation over pairwise shared features; no imputation
evidence_visibility,NU,Niue,12,proportion-of-population-using-safely-managed-drinking-water-services,Safely managed drinking water,reporting_presence,1.0,100.0,binary reporting presence,,"any returned row, 2000-2022",True,not applicable; binary reporting presence,not_applicable_aggregate_visibility,Pacific Data Hub official SDMX rows,"Reporting presence describes evidence visibility, not conditions.",8,evidence_visibility: average-linkage seriation over pairwise shared features; no imputation
evidence_visibility,NU,Niue,13,direct-disaster-economic-loss,Recorded direct disaster loss,reporting_visibility_only,0.0,0.0,binary reporting presence,,"any returned row, 2007-2020",False,not applicable; binary reporting presence,not_applicable_aggregate_visibility,Pacific Data Hub official SDMX rows,Direct-loss presence is reporting visibility only; absence is not zero loss.,8,evidence_visibility: average-linkage seriation over pairwise shared features; no imputation
evidence_visibility,NU,Niue,14,climate-altering-land-cover-index,Climate-altering land-cover index,reporting_presence,1.0,100.0,binary reporting presence,,"any returned row, 1992-2022",True,not applicable; binary reporting presence,not_applicable_aggregate_visibility,Pacific Data Hub official SDMX rows,"Reporting presence describes evidence visibility, not conditions.",8,evidence_visibility: average-linkage seriation over pairwise shared features; no imputation
evidence_visibility,TV,Tuvalu,1,fisheries-management-measures-in-place-and-multilateral-and-bilateral-fisheries-management-arrangements,Fisheries management measures in place and multilateral and bilateral fisheries management arrangements,reporting_presence,1.0,100.0,binary reporting presence,,any baseline row represented in reviewed coverage table,True,not applicable; binary reporting presence,not_applicable_aggregate_visibility,Pacific Data Hub official SDMX rows,"Reporting presence describes evidence visibility, not conditions.",9,evidence_visibility: average-linkage seriation over pairwise shared features; no imputation
evidence_visibility,TV,Tuvalu,2,greenhouse-gas-emissions-per-capita,Greenhouse gas emissions per capita,reporting_presence,1.0,100.0,binary reporting presence,,any baseline row represented in reviewed coverage table,True,not applicable; binary reporting presence,not_applicable_aggregate_visibility,Pacific Data Hub official SDMX rows,"Reporting presence describes evidence visibility, not conditions.",9,evidence_visibility: average-linkage seriation over pairwise shared features; no imputation
evidence_visibility,TV,Tuvalu,3,mean-sea-surface-temperature-anomalies,Mean sea surface temperature anomalies,reporting_presence,1.0,100.0,binary reporting presence,,any baseline row represented in reviewed coverage table,True,not applicable; binary reporting presence,not_applicable_aggregate_visibility,Pacific Data Hub official SDMX rows,"Reporting presence describes evidence visibility, not conditions.",9,evidence_visibility: average-linkage seriation over pairwise shared features; no imputation
evidence_visibility,TV,Tuvalu,4,mean-surface-temperature-anomalies,Mean surface temperature anomalies,reporting_presence,1.0,100.0,binary reporting presence,,any baseline row represented in reviewed coverage table,True,not applicable; binary reporting presence,not_applicable_aggregate_visibility,Pacific Data Hub official SDMX rows,"Reporting presence describes evidence visibility, not conditions.",9,evidence_visibility: average-linkage seriation over pairwise shared features; no imputation
evidence_visibility,TV,Tuvalu,5,meteorological-monitoring-network,Meteorological monitoring network,reporting_presence,1.0,100.0,binary reporting presence,2026.0,latest official monitoring reporting status,True,not applicable; binary reporting presence,not_applicable_aggregate_visibility,Pacific Data Hub official SDMX rows,"Reporting presence is a partial monitoring proxy, not preparedness.",9,evidence_visibility: average-linkage seriation over pairwise shared features; no imputation
evidence_visibility,TV,Tuvalu,6,number-of-directly-affected-persons-attributed-to-disasters,Number of directly affected persons attributed to disasters,reporting_presence,1.0,100.0,binary reporting presence,,any baseline row represented in reviewed coverage table,True,not applicable; binary reporting presence,not_applicable_aggregate_visibility,Pacific Data Hub official SDMX rows,"Reporting presence describes evidence visibility, not conditions.",9,evidence_visibility: average-linkage seriation over pairwise shared features; no imputation
evidence_visibility,TV,Tuvalu,7,power-generation,Power generation,reporting_presence,1.0,100.0,binary reporting presence,,any baseline row represented in reviewed coverage table,True,not applicable; binary reporting presence,not_applicable_aggregate_visibility,Pacific Data Hub official SDMX rows,"Reporting presence describes evidence visibility, not conditions.",9,evidence_visibility: average-linkage seriation over pairwise shared features; no imputation
evidence_visibility,TV,Tuvalu,8,rainfall-anomalies,Rainfall anomalies,reporting_presence,1.0,100.0,binary reporting presence,,any baseline row represented in reviewed coverage table,True,not applicable; binary reporting presence,not_applicable_aggregate_visibility,Pacific Data Hub official SDMX rows,"Reporting presence describes evidence visibility, not conditions.",9,evidence_visibility: average-linkage seriation over pairwise shared features; no imputation
evidence_visibility,TV,Tuvalu,9,sea-level-anomalies,Sea level anomalies,reporting_presence,1.0,100.0,binary reporting presence,,any baseline row represented in reviewed coverage table,True,not applicable; binary reporting presence,not_applicable_aggregate_visibility,Pacific Data Hub official SDMX rows,"Reporting presence describes evidence visibility, not conditions.",9,evidence_visibility: average-linkage seriation over pairwise shared features; no imputation
evidence_visibility,TV,Tuvalu,10,population-growth,Projected population growth,reporting_presence,1.0,100.0,binary reporting presence,,"any returned row, 1990-2025",True,not applicable; binary reporting presence,not_applicable_aggregate_visibility,Pacific Data Hub official SDMX rows,"Reporting presence describes evidence visibility, not conditions.",9,evidence_visibility: average-linkage seriation over pairwise shared features; no imputation
evidence_visibility,TV,Tuvalu,11,renewable-energy-share-in-the-total-final-energy-consumption,Renewable energy share,reporting_presence,1.0,100.0,binary reporting presence,,"any returned row, 2000-2023",True,not applicable; binary reporting presence,not_applicable_aggregate_visibility,Pacific Data Hub official SDMX rows,"Reporting presence describes evidence visibility, not conditions.",9,evidence_visibility: average-linkage seriation over pairwise shared features; no imputation
evidence_visibility,TV,Tuvalu,12,proportion-of-population-using-safely-managed-drinking-water-services,Safely managed drinking water,reporting_presence,1.0,100.0,binary reporting presence,,"any returned row, 2000-2022",True,not applicable; binary reporting presence,not_applicable_aggregate_visibility,Pacific Data Hub official SDMX rows,"Reporting presence describes evidence visibility, not conditions.",9,evidence_visibility: average-linkage seriation over pairwise shared features; no imputation
evidence_visibility,TV,Tuvalu,13,direct-disaster-economic-loss,Recorded direct disaster loss,reporting_visibility_only,0.0,0.0,binary reporting presence,,"any returned row, 2007-2020",False,not applicable; binary reporting presence,not_applicable_aggregate_visibility,Pacific Data Hub official SDMX rows,Direct-loss presence is reporting visibility only; absence is not zero loss.,9,evidence_visibility: average-linkage seriation over pairwise shared features; no imputation
evidence_visibility,TV,Tuvalu,14,climate-altering-land-cover-index,Climate-altering land-cover index,reporting_presence,1.0,100.0,binary reporting presence,,"any returned row, 1992-2022",True,not applicable; binary reporting presence,not_applicable_aggregate_visibility,Pacific Data Hub official SDMX rows,"Reporting presence describes evidence visibility, not conditions.",9,evidence_visibility: average-linkage seriation over pairwise shared features; no imputation
evidence_visibility,NR,Nauru,1,fisheries-management-measures-in-place-and-multilateral-and-bilateral-fisheries-management-arrangements,Fisheries management measures in place and multilateral and bilateral fisheries management arrangements,reporting_presence,1.0,100.0,binary reporting presence,,any baseline row represented in reviewed coverage table,True,not applicable; binary reporting presence,not_applicable_aggregate_visibility,Pacific Data Hub official SDMX rows,"Reporting presence describes evidence visibility, not conditions.",10,evidence_visibility: average-linkage seriation over pairwise shared features; no imputation
evidence_visibility,NR,Nauru,2,greenhouse-gas-emissions-per-capita,Greenhouse gas emissions per capita,reporting_presence,1.0,100.0,binary reporting presence,,any baseline row represented in reviewed coverage table,True,not applicable; binary reporting presence,not_applicable_aggregate_visibility,Pacific Data Hub official SDMX rows,"Reporting presence describes evidence visibility, not conditions.",10,evidence_visibility: average-linkage seriation over pairwise shared features; no imputation
evidence_visibility,NR,Nauru,3,mean-sea-surface-temperature-anomalies,Mean sea surface temperature anomalies,reporting_presence,1.0,100.0,binary reporting presence,,any baseline row represented in reviewed coverage table,True,not applicable; binary reporting presence,not_applicable_aggregate_visibility,Pacific Data Hub official SDMX rows,"Reporting presence describes evidence visibility, not conditions.",10,evidence_visibility: average-linkage seriation over pairwise shared features; no imputation
evidence_visibility,NR,Nauru,4,mean-surface-temperature-anomalies,Mean surface temperature anomalies,reporting_presence,1.0,100.0,binary reporting presence,,any baseline row represented in reviewed coverage table,True,not applicable; binary reporting presence,not_applicable_aggregate_visibility,Pacific Data Hub official SDMX rows,"Reporting presence describes evidence visibility, not conditions.",10,evidence_visibility: average-linkage seriation over pairwise shared features; no imputation
evidence_visibility,NR,Nauru,5,meteorological-monitoring-network,Meteorological monitoring network,reporting_presence,1.0,100.0,binary reporting presence,2026.0,latest official monitoring reporting status,True,not applicable; binary reporting presence,not_applicable_aggregate_visibility,Pacific Data Hub official SDMX rows,"Reporting presence is a partial monitoring proxy, not preparedness.",10,evidence_visibility: average-linkage seriation over pairwise shared features; no imputation
evidence_visibility,NR,Nauru,6,number-of-directly-affected-persons-attributed-to-disasters,Number of directly affected persons attributed to disasters,reporting_presence,1.0,100.0,binary reporting presence,,any baseline row represented in reviewed coverage table,True,not applicable; binary reporting presence,not_applicable_aggregate_visibility,Pacific Data Hub official SDMX rows,"Reporting presence describes evidence visibility, not conditions.",10,evidence_visibility: average-linkage seriation over pairwise shared features; no imputation
evidence_visibility,NR,Nauru,7,power-generation,Power generation,reporting_presence,1.0,100.0,binary reporting presence,,any baseline row represented in reviewed coverage table,True,not applicable; binary reporting presence,not_applicable_aggregate_visibility,Pacific Data Hub official SDMX rows,"Reporting presence describes evidence visibility, not conditions.",10,evidence_visibility: average-linkage seriation over pairwise shared features; no imputation
evidence_visibility,NR,Nauru,8,rainfall-anomalies,Rainfall anomalies,reporting_presence,1.0,100.0,binary reporting presence,,any baseline row represented in reviewed coverage table,True,not applicable; binary reporting presence,not_applicable_aggregate_visibility,Pacific Data Hub official SDMX rows,"Reporting presence describes evidence visibility, not conditions.",10,evidence_visibility: average-linkage seriation over pairwise shared features; no imputation
evidence_visibility,NR,Nauru,9,sea-level-anomalies,Sea level anomalies,reporting_presence,1.0,100.0,binary reporting presence,,any baseline row represented in reviewed coverage table,True,not applicable; binary reporting presence,not_applicable_aggregate_visibility,Pacific Data Hub official SDMX rows,"Reporting presence describes evidence visibility, not conditions.",10,evidence_visibility: average-linkage seriation over pairwise shared features; no imputation
evidence_visibility,NR,Nauru,10,population-growth,Projected population growth,reporting_presence,1.0,100.0,binary reporting presence,,"any returned row, 1990-2025",True,not applicable; binary reporting presence,not_applicable_aggregate_visibility,Pacific Data Hub official SDMX rows,"Reporting presence describes evidence visibility, not conditions.",10,evidence_visibility: average-linkage seriation over pairwise shared features; no imputation
evidence_visibility,NR,Nauru,11,renewable-energy-share-in-the-total-final-energy-consumption,Renewable energy share,reporting_presence,1.0,100.0,binary reporting presence,,"any returned row, 2000-2023",True,not applicable; binary reporting presence,not_applicable_aggregate_visibility,Pacific Data Hub official SDMX rows,"Reporting presence describes evidence visibility, not conditions.",10,evidence_visibility: average-linkage seriation over pairwise shared features; no imputation
evidence_visibility,NR,Nauru,12,proportion-of-population-using-safely-managed-drinking-water-services,Safely managed drinking water,reporting_presence,1.0,100.0,binary reporting presence,,"any returned row, 2000-2022",True,not applicable; binary reporting presence,not_applicable_aggregate_visibility,Pacific Data Hub official SDMX rows,"Reporting presence describes evidence visibility, not conditions.",10,evidence_visibility: average-linkage seriation over pairwise shared features; no imputation
evidence_visibility,NR,Nauru,13,direct-disaster-economic-loss,Recorded direct disaster loss,reporting_visibility_only,0.0,0.0,binary reporting presence,,"any returned row, 2007-2020",False,not applicable; binary reporting presence,not_applicable_aggregate_visibility,Pacific Data Hub official SDMX rows,Direct-loss presence is reporting visibility only; absence is not zero loss.,10,evidence_visibility: average-linkage seriation over pairwise shared features; no imputation
evidence_visibility,NR,Nauru,14,climate-altering-land-cover-index,Climate-altering land-cover index,reporting_presence,1.0,100.0,binary reporting presence,,"any returned row, 1992-2022",True,not applicable; binary reporting presence,not_applicable_aggregate_visibility,Pacific Data Hub official SDMX rows,"Reporting presence describes evidence visibility, not conditions.",10,evidence_visibility: average-linkage seriation over pairwise shared features; no imputation
evidence_visibility,VU,Vanuatu,1,fisheries-management-measures-in-place-and-multilateral-and-bilateral-fisheries-management-arrangements,Fisheries management measures in place and multilateral and bilateral fisheries management arrangements,reporting_presence,1.0,100.0,binary reporting presence,,any baseline row represented in reviewed coverage table,True,not applicable; binary reporting presence,not_applicable_aggregate_visibility,Pacific Data Hub official SDMX rows,"Reporting presence describes evidence visibility, not conditions.",11,evidence_visibility: average-linkage seriation over pairwise shared features; no imputation
evidence_visibility,VU,Vanuatu,2,greenhouse-gas-emissions-per-capita,Greenhouse gas emissions per capita,reporting_presence,1.0,100.0,binary reporting presence,,any baseline row represented in reviewed coverage table,True,not applicable; binary reporting presence,not_applicable_aggregate_visibility,Pacific Data Hub official SDMX rows,"Reporting presence describes evidence visibility, not conditions.",11,evidence_visibility: average-linkage seriation over pairwise shared features; no imputation
evidence_visibility,VU,Vanuatu,3,mean-sea-surface-temperature-anomalies,Mean sea surface temperature anomalies,reporting_presence,1.0,100.0,binary reporting presence,,any baseline row represented in reviewed coverage table,True,not applicable; binary reporting presence,not_applicable_aggregate_visibility,Pacific Data Hub official SDMX rows,"Reporting presence describes evidence visibility, not conditions.",11,evidence_visibility: average-linkage seriation over pairwise shared features; no imputation
evidence_visibility,VU,Vanuatu,4,mean-surface-temperature-anomalies,Mean surface temperature anomalies,reporting_presence,1.0,100.0,binary reporting presence,,any baseline row represented in reviewed coverage table,True,not applicable; binary reporting presence,not_applicable_aggregate_visibility,Pacific Data Hub official SDMX rows,"Reporting presence describes evidence visibility, not conditions.",11,evidence_visibility: average-linkage seriation over pairwise shared features; no imputation
evidence_visibility,VU,Vanuatu,5,meteorological-monitoring-network,Meteorological monitoring network,reporting_presence,1.0,100.0,binary reporting presence,2026.0,latest official monitoring reporting status,True,not applicable; binary reporting presence,not_applicable_aggregate_visibility,Pacific Data Hub official SDMX rows,"Reporting presence is a partial monitoring proxy, not preparedness.",11,evidence_visibility: average-linkage seriation over pairwise shared features; no imputation
evidence_visibility,VU,Vanuatu,6,number-of-directly-affected-persons-attributed-to-disasters,Number of directly affected persons attributed to disasters,reporting_presence,1.0,100.0,binary reporting presence,,any baseline row represented in reviewed coverage table,True,not applicable; binary reporting presence,not_applicable_aggregate_visibility,Pacific Data Hub official SDMX rows,"Reporting presence describes evidence visibility, not conditions.",11,evidence_visibility: average-linkage seriation over pairwise shared features; no imputation
evidence_visibility,VU,Vanuatu,7,power-generation,Power generation,reporting_presence,1.0,100.0,binary reporting presence,,any baseline row represented in reviewed coverage table,True,not applicable; binary reporting presence,not_applicable_aggregate_visibility,Pacific Data Hub official SDMX rows,"Reporting presence describes evidence visibility, not conditions.",11,evidence_visibility: average-linkage seriation over pairwise shared features; no imputation
evidence_visibility,VU,Vanuatu,8,rainfall-anomalies,Rainfall anomalies,reporting_presence,1.0,100.0,binary reporting presence,,any baseline row represented in reviewed coverage table,True,not applicable; binary reporting presence,not_applicable_aggregate_visibility,Pacific Data Hub official SDMX rows,"Reporting presence describes evidence visibility, not conditions.",11,evidence_visibility: average-linkage seriation over pairwise shared features; no imputation
evidence_visibility,VU,Vanuatu,9,sea-level-anomalies,Sea level anomalies,reporting_presence,1.0,100.0,binary reporting presence,,any baseline row represented in reviewed coverage table,True,not applicable; binary reporting presence,not_applicable_aggregate_visibility,Pacific Data Hub official SDMX rows,"Reporting presence describes evidence visibility, not conditions.",11,evidence_visibility: average-linkage seriation over pairwise shared features; no imputation
evidence_visibility,VU,Vanuatu,10,population-growth,Projected population growth,reporting_presence,1.0,100.0,binary reporting presence,,"any returned row, 1990-2025",True,not applicable; binary reporting presence,not_applicable_aggregate_visibility,Pacific Data Hub official SDMX rows,"Reporting presence describes evidence visibility, not conditions.",11,evidence_visibility: average-linkage seriation over pairwise shared features; no imputation
evidence_visibility,VU,Vanuatu,11,renewable-energy-share-in-the-total-final-energy-consumption,Renewable energy share,reporting_presence,1.0,100.0,binary reporting presence,,"any returned row, 2000-2023",True,not applicable; binary reporting presence,not_applicable_aggregate_visibility,Pacific Data Hub official SDMX rows,"Reporting presence describes evidence visibility, not conditions.",11,evidence_visibility: average-linkage seriation over pairwise shared features; no imputation
evidence_visibility,VU,Vanuatu,12,proportion-of-population-using-safely-managed-drinking-water-services,Safely managed drinking water,reporting_presence,1.0,100.0,binary reporting presence,,"any returned row, 2000-2022",True,not applicable; binary reporting presence,not_applicable_aggregate_visibility,Pacific Data Hub official SDMX rows,"Reporting presence describes evidence visibility, not conditions.",11,evidence_visibility: average-linkage seriation over pairwise shared features; no imputation
evidence_visibility,VU,Vanuatu,13,direct-disaster-economic-loss,Recorded direct disaster loss,reporting_visibility_only,1.0,100.0,binary reporting presence,,"any returned row, 2007-2020",True,not applicable; binary reporting presence,not_applicable_aggregate_visibility,Pacific Data Hub official SDMX rows,Direct-loss presence is reporting visibility only; absence is not zero loss.,11,evidence_visibility: average-linkage seriation over pairwise shared features; no imputation
evidence_visibility,VU,Vanuatu,14,climate-altering-land-cover-index,Climate-altering land-cover index,reporting_presence,1.0,100.0,binary reporting presence,,"any returned row, 1992-2022",True,not applicable; binary reporting presence,not_applicable_aggregate_visibility,Pacific Data Hub official SDMX rows,"Reporting presence describes evidence visibility, not conditions.",11,evidence_visibility: average-linkage seriation over pairwise shared features; no imputation
evidence_visibility,SB,Solomon Islands,1,fisheries-management-measures-in-place-and-multilateral-and-bilateral-fisheries-management-arrangements,Fisheries management measures in place and multilateral and bilateral fisheries management arrangements,reporting_presence,1.0,100.0,binary reporting presence,,any baseline row represented in reviewed coverage table,True,not applicable; binary reporting presence,not_applicable_aggregate_visibility,Pacific Data Hub official SDMX rows,"Reporting presence describes evidence visibility, not conditions.",12,evidence_visibility: average-linkage seriation over pairwise shared features; no imputation
evidence_visibility,SB,Solomon Islands,2,greenhouse-gas-emissions-per-capita,Greenhouse gas emissions per capita,reporting_presence,1.0,100.0,binary reporting presence,,any baseline row represented in reviewed coverage table,True,not applicable; binary reporting presence,not_applicable_aggregate_visibility,Pacific Data Hub official SDMX rows,"Reporting presence describes evidence visibility, not conditions.",12,evidence_visibility: average-linkage seriation over pairwise shared features; no imputation
evidence_visibility,SB,Solomon Islands,3,mean-sea-surface-temperature-anomalies,Mean sea surface temperature anomalies,reporting_presence,1.0,100.0,binary reporting presence,,any baseline row represented in reviewed coverage table,True,not applicable; binary reporting presence,not_applicable_aggregate_visibility,Pacific Data Hub official SDMX rows,"Reporting presence describes evidence visibility, not conditions.",12,evidence_visibility: average-linkage seriation over pairwise shared features; no imputation
evidence_visibility,SB,Solomon Islands,4,mean-surface-temperature-anomalies,Mean surface temperature anomalies,reporting_presence,1.0,100.0,binary reporting presence,,any baseline row represented in reviewed coverage table,True,not applicable; binary reporting presence,not_applicable_aggregate_visibility,Pacific Data Hub official SDMX rows,"Reporting presence describes evidence visibility, not conditions.",12,evidence_visibility: average-linkage seriation over pairwise shared features; no imputation
evidence_visibility,SB,Solomon Islands,5,meteorological-monitoring-network,Meteorological monitoring network,reporting_presence,1.0,100.0,binary reporting presence,2026.0,latest official monitoring reporting status,True,not applicable; binary reporting presence,not_applicable_aggregate_visibility,Pacific Data Hub official SDMX rows,"Reporting presence is a partial monitoring proxy, not preparedness.",12,evidence_visibility: average-linkage seriation over pairwise shared features; no imputation
evidence_visibility,SB,Solomon Islands,6,number-of-directly-affected-persons-attributed-to-disasters,Number of directly affected persons attributed to disasters,reporting_presence,1.0,100.0,binary reporting presence,,any baseline row represented in reviewed coverage table,True,not applicable; binary reporting presence,not_applicable_aggregate_visibility,Pacific Data Hub official SDMX rows,"Reporting presence describes evidence visibility, not conditions.",12,evidence_visibility: average-linkage seriation over pairwise shared features; no imputation
evidence_visibility,SB,Solomon Islands,7,power-generation,Power generation,reporting_presence,1.0,100.0,binary reporting presence,,any baseline row represented in reviewed coverage table,True,not applicable; binary reporting presence,not_applicable_aggregate_visibility,Pacific Data Hub official SDMX rows,"Reporting presence describes evidence visibility, not conditions.",12,evidence_visibility: average-linkage seriation over pairwise shared features; no imputation
evidence_visibility,SB,Solomon Islands,8,rainfall-anomalies,Rainfall anomalies,reporting_presence,1.0,100.0,binary reporting presence,,any baseline row represented in reviewed coverage table,True,not applicable; binary reporting presence,not_applicable_aggregate_visibility,Pacific Data Hub official SDMX rows,"Reporting presence describes evidence visibility, not conditions.",12,evidence_visibility: average-linkage seriation over pairwise shared features; no imputation
evidence_visibility,SB,Solomon Islands,9,sea-level-anomalies,Sea level anomalies,reporting_presence,1.0,100.0,binary reporting presence,,any baseline row represented in reviewed coverage table,True,not applicable; binary reporting presence,not_applicable_aggregate_visibility,Pacific Data Hub official SDMX rows,"Reporting presence describes evidence visibility, not conditions.",12,evidence_visibility: average-linkage seriation over pairwise shared features; no imputation
evidence_visibility,SB,Solomon Islands,10,population-growth,Projected population growth,reporting_presence,1.0,100.0,binary reporting presence,,"any returned row, 1990-2025",True,not applicable; binary reporting presence,not_applicable_aggregate_visibility,Pacific Data Hub official SDMX rows,"Reporting presence describes evidence visibility, not conditions.",12,evidence_visibility: average-linkage seriation over pairwise shared features; no imputation
evidence_visibility,SB,Solomon Islands,11,renewable-energy-share-in-the-total-final-energy-consumption,Renewable energy share,reporting_presence,1.0,100.0,binary reporting presence,,"any returned row, 2000-2023",True,not applicable; binary reporting presence,not_applicable_aggregate_visibility,Pacific Data Hub official SDMX rows,"Reporting presence describes evidence visibility, not conditions.",12,evidence_visibility: average-linkage seriation over pairwise shared features; no imputation
evidence_visibility,SB,Solomon Islands,12,proportion-of-population-using-safely-managed-drinking-water-services,Safely managed drinking water,reporting_presence,1.0,100.0,binary reporting presence,,"any returned row, 2000-2022",True,not applicable; binary reporting presence,not_applicable_aggregate_visibility,Pacific Data Hub official SDMX rows,"Reporting presence describes evidence visibility, not conditions.",12,evidence_visibility: average-linkage seriation over pairwise shared features; no imputation
evidence_visibility,SB,Solomon Islands,13,direct-disaster-economic-loss,Recorded direct disaster loss,reporting_visibility_only,1.0,100.0,binary reporting presence,,"any returned row, 2007-2020",True,not applicable; binary reporting presence,not_applicable_aggregate_visibility,Pacific Data Hub official SDMX rows,Direct-loss presence is reporting visibility only; absence is not zero loss.,12,evidence_visibility: average-linkage seriation over pairwise shared features; no imputation
evidence_visibility,SB,Solomon Islands,14,climate-altering-land-cover-index,Climate-altering land-cover index,reporting_presence,1.0,100.0,binary reporting presence,,"any returned row, 1992-2022",True,not applicable; binary reporting presence,not_applicable_aggregate_visibility,Pacific Data Hub official SDMX rows,"Reporting presence describes evidence visibility, not conditions.",12,evidence_visibility: average-linkage seriation over pairwise shared features; no imputation
evidence_visibility,PG,Papua New Guinea,1,fisheries-management-measures-in-place-and-multilateral-and-bilateral-fisheries-management-arrangements,Fisheries management measures in place and multilateral and bilateral fisheries management arrangements,reporting_presence,1.0,100.0,binary reporting presence,,any baseline row represented in reviewed coverage table,True,not applicable; binary reporting presence,not_applicable_aggregate_visibility,Pacific Data Hub official SDMX rows,"Reporting presence describes evidence visibility, not conditions.",13,evidence_visibility: average-linkage seriation over pairwise shared features; no imputation
evidence_visibility,PG,Papua New Guinea,2,greenhouse-gas-emissions-per-capita,Greenhouse gas emissions per capita,reporting_presence,1.0,100.0,binary reporting presence,,any baseline row represented in reviewed coverage table,True,not applicable; binary reporting presence,not_applicable_aggregate_visibility,Pacific Data Hub official SDMX rows,"Reporting presence describes evidence visibility, not conditions.",13,evidence_visibility: average-linkage seriation over pairwise shared features; no imputation
evidence_visibility,PG,Papua New Guinea,3,mean-sea-surface-temperature-anomalies,Mean sea surface temperature anomalies,reporting_presence,1.0,100.0,binary reporting presence,,any baseline row represented in reviewed coverage table,True,not applicable; binary reporting presence,not_applicable_aggregate_visibility,Pacific Data Hub official SDMX rows,"Reporting presence describes evidence visibility, not conditions.",13,evidence_visibility: average-linkage seriation over pairwise shared features; no imputation
evidence_visibility,PG,Papua New Guinea,4,mean-surface-temperature-anomalies,Mean surface temperature anomalies,reporting_presence,1.0,100.0,binary reporting presence,,any baseline row represented in reviewed coverage table,True,not applicable; binary reporting presence,not_applicable_aggregate_visibility,Pacific Data Hub official SDMX rows,"Reporting presence describes evidence visibility, not conditions.",13,evidence_visibility: average-linkage seriation over pairwise shared features; no imputation
evidence_visibility,PG,Papua New Guinea,5,meteorological-monitoring-network,Meteorological monitoring network,reporting_presence,1.0,100.0,binary reporting presence,2026.0,latest official monitoring reporting status,True,not applicable; binary reporting presence,not_applicable_aggregate_visibility,Pacific Data Hub official SDMX rows,"Reporting presence is a partial monitoring proxy, not preparedness.",13,evidence_visibility: average-linkage seriation over pairwise shared features; no imputation
evidence_visibility,PG,Papua New Guinea,6,number-of-directly-affected-persons-attributed-to-disasters,Number of directly affected persons attributed to disasters,reporting_presence,1.0,100.0,binary reporting presence,,any baseline row represented in reviewed coverage table,True,not applicable; binary reporting presence,not_applicable_aggregate_visibility,Pacific Data Hub official SDMX rows,"Reporting presence describes evidence visibility, not conditions.",13,evidence_visibility: average-linkage seriation over pairwise shared features; no imputation
evidence_visibility,PG,Papua New Guinea,7,power-generation,Power generation,reporting_presence,1.0,100.0,binary reporting presence,,any baseline row represented in reviewed coverage table,True,not applicable; binary reporting presence,not_applicable_aggregate_visibility,Pacific Data Hub official SDMX rows,"Reporting presence describes evidence visibility, not conditions.",13,evidence_visibility: average-linkage seriation over pairwise shared features; no imputation
evidence_visibility,PG,Papua New Guinea,8,rainfall-anomalies,Rainfall anomalies,reporting_presence,1.0,100.0,binary reporting presence,,any baseline row represented in reviewed coverage table,True,not applicable; binary reporting presence,not_applicable_aggregate_visibility,Pacific Data Hub official SDMX rows,"Reporting presence describes evidence visibility, not conditions.",13,evidence_visibility: average-linkage seriation over pairwise shared features; no imputation
evidence_visibility,PG,Papua New Guinea,9,sea-level-anomalies,Sea level anomalies,reporting_presence,1.0,100.0,binary reporting presence,,any baseline row represented in reviewed coverage table,True,not applicable; binary reporting presence,not_applicable_aggregate_visibility,Pacific Data Hub official SDMX rows,"Reporting presence describes evidence visibility, not conditions.",13,evidence_visibility: average-linkage seriation over pairwise shared features; no imputation
evidence_visibility,PG,Papua New Guinea,10,population-growth,Projected population growth,reporting_presence,1.0,100.0,binary reporting presence,,"any returned row, 1990-2025",True,not applicable; binary reporting presence,not_applicable_aggregate_visibility,Pacific Data Hub official SDMX rows,"Reporting presence describes evidence visibility, not conditions.",13,evidence_visibility: average-linkage seriation over pairwise shared features; no imputation
evidence_visibility,PG,Papua New Guinea,11,renewable-energy-share-in-the-total-final-energy-consumption,Renewable energy share,reporting_presence,1.0,100.0,binary reporting presence,,"any returned row, 2000-2023",True,not applicable; binary reporting presence,not_applicable_aggregate_visibility,Pacific Data Hub official SDMX rows,"Reporting presence describes evidence visibility, not conditions.",13,evidence_visibility: average-linkage seriation over pairwise shared features; no imputation
evidence_visibility,PG,Papua New Guinea,12,proportion-of-population-using-safely-managed-drinking-water-services,Safely managed drinking water,reporting_presence,1.0,100.0,binary reporting presence,,"any returned row, 2000-2022",True,not applicable; binary reporting presence,not_applicable_aggregate_visibility,Pacific Data Hub official SDMX rows,"Reporting presence describes evidence visibility, not conditions.",13,evidence_visibility: average-linkage seriation over pairwise shared features; no imputation
evidence_visibility,PG,Papua New Guinea,13,direct-disaster-economic-loss,Recorded direct disaster loss,reporting_visibility_only,1.0,100.0,binary reporting presence,,"any returned row, 2007-2020",True,not applicable; binary reporting presence,not_applicable_aggregate_visibility,Pacific Data Hub official SDMX rows,Direct-loss presence is reporting visibility only; absence is not zero loss.,13,evidence_visibility: average-linkage seriation over pairwise shared features; no imputation
evidence_visibility,PG,Papua New Guinea,14,climate-altering-land-cover-index,Climate-altering land-cover index,reporting_presence,1.0,100.0,binary reporting presence,,"any returned row, 1992-2022",True,not applicable; binary reporting presence,not_applicable_aggregate_visibility,Pacific Data Hub official SDMX rows,"Reporting presence describes evidence visibility, not conditions.",13,evidence_visibility: average-linkage seriation over pairwise shared features; no imputation
evidence_visibility,NC,New Caledonia,1,fisheries-management-measures-in-place-and-multilateral-and-bilateral-fisheries-management-arrangements,Fisheries management measures in place and multilateral and bilateral fisheries management arrangements,reporting_presence,1.0,100.0,binary reporting presence,,any baseline row represented in reviewed coverage table,True,not applicable; binary reporting presence,not_applicable_aggregate_visibility,Pacific Data Hub official SDMX rows,"Reporting presence describes evidence visibility, not conditions.",14,evidence_visibility: average-linkage seriation over pairwise shared features; no imputation
evidence_visibility,NC,New Caledonia,2,greenhouse-gas-emissions-per-capita,Greenhouse gas emissions per capita,reporting_presence,1.0,100.0,binary reporting presence,,any baseline row represented in reviewed coverage table,True,not applicable; binary reporting presence,not_applicable_aggregate_visibility,Pacific Data Hub official SDMX rows,"Reporting presence describes evidence visibility, not conditions.",14,evidence_visibility: average-linkage seriation over pairwise shared features; no imputation
evidence_visibility,NC,New Caledonia,3,mean-sea-surface-temperature-anomalies,Mean sea surface temperature anomalies,reporting_presence,1.0,100.0,binary reporting presence,,any baseline row represented in reviewed coverage table,True,not applicable; binary reporting presence,not_applicable_aggregate_visibility,Pacific Data Hub official SDMX rows,"Reporting presence describes evidence visibility, not conditions.",14,evidence_visibility: average-linkage seriation over pairwise shared features; no imputation
evidence_visibility,NC,New Caledonia,4,mean-surface-temperature-anomalies,Mean surface temperature anomalies,reporting_presence,1.0,100.0,binary reporting presence,,any baseline row represented in reviewed coverage table,True,not applicable; binary reporting presence,not_applicable_aggregate_visibility,Pacific Data Hub official SDMX rows,"Reporting presence describes evidence visibility, not conditions.",14,evidence_visibility: average-linkage seriation over pairwise shared features; no imputation
evidence_visibility,NC,New Caledonia,5,meteorological-monitoring-network,Meteorological monitoring network,reporting_presence,1.0,100.0,binary reporting presence,2026.0,latest official monitoring reporting status,True,not applicable; binary reporting presence,not_applicable_aggregate_visibility,Pacific Data Hub official SDMX rows,"Reporting presence is a partial monitoring proxy, not preparedness.",14,evidence_visibility: average-linkage seriation over pairwise shared features; no imputation
evidence_visibility,NC,New Caledonia,6,number-of-directly-affected-persons-attributed-to-disasters,Number of directly affected persons attributed to disasters,reporting_presence,1.0,100.0,binary reporting presence,,any baseline row represented in reviewed coverage table,True,not applicable; binary reporting presence,not_applicable_aggregate_visibility,Pacific Data Hub official SDMX rows,"Reporting presence describes evidence visibility, not conditions.",14,evidence_visibility: average-linkage seriation over pairwise shared features; no imputation
evidence_visibility,NC,New Caledonia,7,power-generation,Power generation,reporting_presence,1.0,100.0,binary reporting presence,,any baseline row represented in reviewed coverage table,True,not applicable; binary reporting presence,not_applicable_aggregate_visibility,Pacific Data Hub official SDMX rows,"Reporting presence describes evidence visibility, not conditions.",14,evidence_visibility: average-linkage seriation over pairwise shared features; no imputation
evidence_visibility,NC,New Caledonia,8,rainfall-anomalies,Rainfall anomalies,reporting_presence,1.0,100.0,binary reporting presence,,any baseline row represented in reviewed coverage table,True,not applicable; binary reporting presence,not_applicable_aggregate_visibility,Pacific Data Hub official SDMX rows,"Reporting presence describes evidence visibility, not conditions.",14,evidence_visibility: average-linkage seriation over pairwise shared features; no imputation
evidence_visibility,NC,New Caledonia,9,sea-level-anomalies,Sea level anomalies,reporting_presence,1.0,100.0,binary reporting presence,,any baseline row represented in reviewed coverage table,True,not applicable; binary reporting presence,not_applicable_aggregate_visibility,Pacific Data Hub official SDMX rows,"Reporting presence describes evidence visibility, not conditions.",14,evidence_visibility: average-linkage seriation over pairwise shared features; no imputation
evidence_visibility,NC,New Caledonia,10,population-growth,Projected population growth,reporting_presence,1.0,100.0,binary reporting presence,,"any returned row, 1990-2025",True,not applicable; binary reporting presence,not_applicable_aggregate_visibility,Pacific Data Hub official SDMX rows,"Reporting presence describes evidence visibility, not conditions.",14,evidence_visibility: average-linkage seriation over pairwise shared features; no imputation
evidence_visibility,NC,New Caledonia,11,renewable-energy-share-in-the-total-final-energy-consumption,Renewable energy share,reporting_presence,1.0,100.0,binary reporting presence,,"any returned row, 2000-2023",True,not applicable; binary reporting presence,not_applicable_aggregate_visibility,Pacific Data Hub official SDMX rows,"Reporting presence describes evidence visibility, not conditions.",14,evidence_visibility: average-linkage seriation over pairwise shared features; no imputation
evidence_visibility,NC,New Caledonia,12,proportion-of-population-using-safely-managed-drinking-water-services,Safely managed drinking water,reporting_presence,1.0,100.0,binary reporting presence,,"any returned row, 2000-2022",True,not applicable; binary reporting presence,not_applicable_aggregate_visibility,Pacific Data Hub official SDMX rows,"Reporting presence describes evidence visibility, not conditions.",14,evidence_visibility: average-linkage seriation over pairwise shared features; no imputation
evidence_visibility,NC,New Caledonia,13,direct-disaster-economic-loss,Recorded direct disaster loss,reporting_visibility_only,1.0,100.0,binary reporting presence,,"any returned row, 2007-2020",True,not applicable; binary reporting presence,not_applicable_aggregate_visibility,Pacific Data Hub official SDMX rows,Direct-loss presence is reporting visibility only; absence is not zero loss.,14,evidence_visibility: average-linkage seriation over pairwise shared features; no imputation
evidence_visibility,NC,New Caledonia,14,climate-altering-land-cover-index,Climate-altering land-cover index,reporting_presence,1.0,100.0,binary reporting presence,,"any returned row, 1992-2022",True,not applicable; binary reporting presence,not_applicable_aggregate_visibility,Pacific Data Hub official SDMX rows,"Reporting presence describes evidence visibility, not conditions.",14,evidence_visibility: average-linkage seriation over pairwise shared features; no imputation
evidence_visibility,KI,Kiribati,1,fisheries-management-measures-in-place-and-multilateral-and-bilateral-fisheries-management-arrangements,Fisheries management measures in place and multilateral and bilateral fisheries management arrangements,reporting_presence,1.0,100.0,binary reporting presence,,any baseline row represented in reviewed coverage table,True,not applicable; binary reporting presence,not_applicable_aggregate_visibility,Pacific Data Hub official SDMX rows,"Reporting presence describes evidence visibility, not conditions.",15,evidence_visibility: average-linkage seriation over pairwise shared features; no imputation
evidence_visibility,KI,Kiribati,2,greenhouse-gas-emissions-per-capita,Greenhouse gas emissions per capita,reporting_presence,1.0,100.0,binary reporting presence,,any baseline row represented in reviewed coverage table,True,not applicable; binary reporting presence,not_applicable_aggregate_visibility,Pacific Data Hub official SDMX rows,"Reporting presence describes evidence visibility, not conditions.",15,evidence_visibility: average-linkage seriation over pairwise shared features; no imputation
evidence_visibility,KI,Kiribati,3,mean-sea-surface-temperature-anomalies,Mean sea surface temperature anomalies,reporting_presence,1.0,100.0,binary reporting presence,,any baseline row represented in reviewed coverage table,True,not applicable; binary reporting presence,not_applicable_aggregate_visibility,Pacific Data Hub official SDMX rows,"Reporting presence describes evidence visibility, not conditions.",15,evidence_visibility: average-linkage seriation over pairwise shared features; no imputation
evidence_visibility,KI,Kiribati,4,mean-surface-temperature-anomalies,Mean surface temperature anomalies,reporting_presence,1.0,100.0,binary reporting presence,,any baseline row represented in reviewed coverage table,True,not applicable; binary reporting presence,not_applicable_aggregate_visibility,Pacific Data Hub official SDMX rows,"Reporting presence describes evidence visibility, not conditions.",15,evidence_visibility: average-linkage seriation over pairwise shared features; no imputation
evidence_visibility,KI,Kiribati,5,meteorological-monitoring-network,Meteorological monitoring network,reporting_presence,1.0,100.0,binary reporting presence,2026.0,latest official monitoring reporting status,True,not applicable; binary reporting presence,not_applicable_aggregate_visibility,Pacific Data Hub official SDMX rows,"Reporting presence is a partial monitoring proxy, not preparedness.",15,evidence_visibility: average-linkage seriation over pairwise shared features; no imputation
evidence_visibility,KI,Kiribati,6,number-of-directly-affected-persons-attributed-to-disasters,Number of directly affected persons attributed to disasters,reporting_presence,1.0,100.0,binary reporting presence,,any baseline row represented in reviewed coverage table,True,not applicable; binary reporting presence,not_applicable_aggregate_visibility,Pacific Data Hub official SDMX rows,"Reporting presence describes evidence visibility, not conditions.",15,evidence_visibility: average-linkage seriation over pairwise shared features; no imputation
evidence_visibility,KI,Kiribati,7,power-generation,Power generation,reporting_presence,1.0,100.0,binary reporting presence,,any baseline row represented in reviewed coverage table,True,not applicable; binary reporting presence,not_applicable_aggregate_visibility,Pacific Data Hub official SDMX rows,"Reporting presence describes evidence visibility, not conditions.",15,evidence_visibility: average-linkage seriation over pairwise shared features; no imputation
evidence_visibility,KI,Kiribati,8,rainfall-anomalies,Rainfall anomalies,reporting_presence,1.0,100.0,binary reporting presence,,any baseline row represented in reviewed coverage table,True,not applicable; binary reporting presence,not_applicable_aggregate_visibility,Pacific Data Hub official SDMX rows,"Reporting presence describes evidence visibility, not conditions.",15,evidence_visibility: average-linkage seriation over pairwise shared features; no imputation
evidence_visibility,KI,Kiribati,9,sea-level-anomalies,Sea level anomalies,reporting_presence,1.0,100.0,binary reporting presence,,any baseline row represented in reviewed coverage table,True,not applicable; binary reporting presence,not_applicable_aggregate_visibility,Pacific Data Hub official SDMX rows,"Reporting presence describes evidence visibility, not conditions.",15,evidence_visibility: average-linkage seriation over pairwise shared features; no imputation
evidence_visibility,KI,Kiribati,10,population-growth,Projected population growth,reporting_presence,1.0,100.0,binary reporting presence,,"any returned row, 1990-2025",True,not applicable; binary reporting presence,not_applicable_aggregate_visibility,Pacific Data Hub official SDMX rows,"Reporting presence describes evidence visibility, not conditions.",15,evidence_visibility: average-linkage seriation over pairwise shared features; no imputation
evidence_visibility,KI,Kiribati,11,renewable-energy-share-in-the-total-final-energy-consumption,Renewable energy share,reporting_presence,1.0,100.0,binary reporting presence,,"any returned row, 2000-2023",True,not applicable; binary reporting presence,not_applicable_aggregate_visibility,Pacific Data Hub official SDMX rows,"Reporting presence describes evidence visibility, not conditions.",15,evidence_visibility: average-linkage seriation over pairwise shared features; no imputation
evidence_visibility,KI,Kiribati,12,proportion-of-population-using-safely-managed-drinking-water-services,Safely managed drinking water,reporting_presence,1.0,100.0,binary reporting presence,,"any returned row, 2000-2022",True,not applicable; binary reporting presence,not_applicable_aggregate_visibility,Pacific Data Hub official SDMX rows,"Reporting presence describes evidence visibility, not conditions.",15,evidence_visibility: average-linkage seriation over pairwise shared features; no imputation
evidence_visibility,KI,Kiribati,13,direct-disaster-economic-loss,Recorded direct disaster loss,reporting_visibility_only,1.0,100.0,binary reporting presence,,"any returned row, 2007-2020",True,not applicable; binary reporting presence,not_applicable_aggregate_visibility,Pacific Data Hub official SDMX rows,Direct-loss presence is reporting visibility only; absence is not zero loss.,15,evidence_visibility: average-linkage seriation over pairwise shared features; no imputation
evidence_visibility,KI,Kiribati,14,climate-altering-land-cover-index,Climate-altering land-cover index,reporting_presence,1.0,100.0,binary reporting presence,,"any returned row, 1992-2022",True,not applicable; binary reporting presence,not_applicable_aggregate_visibility,Pacific Data Hub official SDMX rows,"Reporting presence describes evidence visibility, not conditions.",15,evidence_visibility: average-linkage seriation over pairwise shared features; no imputation
evidence_visibility,FM,Micronesia (Federated States of),1,fisheries-management-measures-in-place-and-multilateral-and-bilateral-fisheries-management-arrangements,Fisheries management measures in place and multilateral and bilateral fisheries management arrangements,reporting_presence,1.0,100.0,binary reporting presence,,any baseline row represented in reviewed coverage table,True,not applicable; binary reporting presence,not_applicable_aggregate_visibility,Pacific Data Hub official SDMX rows,"Reporting presence describes evidence visibility, not conditions.",16,evidence_visibility: average-linkage seriation over pairwise shared features; no imputation
evidence_visibility,FM,Micronesia (Federated States of),2,greenhouse-gas-emissions-per-capita,Greenhouse gas emissions per capita,reporting_presence,1.0,100.0,binary reporting presence,,any baseline row represented in reviewed coverage table,True,not applicable; binary reporting presence,not_applicable_aggregate_visibility,Pacific Data Hub official SDMX rows,"Reporting presence describes evidence visibility, not conditions.",16,evidence_visibility: average-linkage seriation over pairwise shared features; no imputation
evidence_visibility,FM,Micronesia (Federated States of),3,mean-sea-surface-temperature-anomalies,Mean sea surface temperature anomalies,reporting_presence,1.0,100.0,binary reporting presence,,any baseline row represented in reviewed coverage table,True,not applicable; binary reporting presence,not_applicable_aggregate_visibility,Pacific Data Hub official SDMX rows,"Reporting presence describes evidence visibility, not conditions.",16,evidence_visibility: average-linkage seriation over pairwise shared features; no imputation
evidence_visibility,FM,Micronesia (Federated States of),4,mean-surface-temperature-anomalies,Mean surface temperature anomalies,reporting_presence,1.0,100.0,binary reporting presence,,any baseline row represented in reviewed coverage table,True,not applicable; binary reporting presence,not_applicable_aggregate_visibility,Pacific Data Hub official SDMX rows,"Reporting presence describes evidence visibility, not conditions.",16,evidence_visibility: average-linkage seriation over pairwise shared features; no imputation
evidence_visibility,FM,Micronesia (Federated States of),5,meteorological-monitoring-network,Meteorological monitoring network,reporting_presence,1.0,100.0,binary reporting presence,2026.0,latest official monitoring reporting status,True,not applicable; binary reporting presence,not_applicable_aggregate_visibility,Pacific Data Hub official SDMX rows,"Reporting presence is a partial monitoring proxy, not preparedness.",16,evidence_visibility: average-linkage seriation over pairwise shared features; no imputation
evidence_visibility,FM,Micronesia (Federated States of),6,number-of-directly-affected-persons-attributed-to-disasters,Number of directly affected persons attributed to disasters,reporting_presence,1.0,100.0,binary reporting presence,,any baseline row represented in reviewed coverage table,True,not applicable; binary reporting presence,not_applicable_aggregate_visibility,Pacific Data Hub official SDMX rows,"Reporting presence describes evidence visibility, not conditions.",16,evidence_visibility: average-linkage seriation over pairwise shared features; no imputation
evidence_visibility,FM,Micronesia (Federated States of),7,power-generation,Power generation,reporting_presence,1.0,100.0,binary reporting presence,,any baseline row represented in reviewed coverage table,True,not applicable; binary reporting presence,not_applicable_aggregate_visibility,Pacific Data Hub official SDMX rows,"Reporting presence describes evidence visibility, not conditions.",16,evidence_visibility: average-linkage seriation over pairwise shared features; no imputation
evidence_visibility,FM,Micronesia (Federated States of),8,rainfall-anomalies,Rainfall anomalies,reporting_presence,1.0,100.0,binary reporting presence,,any baseline row represented in reviewed coverage table,True,not applicable; binary reporting presence,not_applicable_aggregate_visibility,Pacific Data Hub official SDMX rows,"Reporting presence describes evidence visibility, not conditions.",16,evidence_visibility: average-linkage seriation over pairwise shared features; no imputation
evidence_visibility,FM,Micronesia (Federated States of),9,sea-level-anomalies,Sea level anomalies,reporting_presence,1.0,100.0,binary reporting presence,,any baseline row represented in reviewed coverage table,True,not applicable; binary reporting presence,not_applicable_aggregate_visibility,Pacific Data Hub official SDMX rows,"Reporting presence describes evidence visibility, not conditions.",16,evidence_visibility: average-linkage seriation over pairwise shared features; no imputation
evidence_visibility,FM,Micronesia (Federated States of),10,population-growth,Projected population growth,reporting_presence,1.0,100.0,binary reporting presence,,"any returned row, 1990-2025",True,not applicable; binary reporting presence,not_applicable_aggregate_visibility,Pacific Data Hub official SDMX rows,"Reporting presence describes evidence visibility, not conditions.",16,evidence_visibility: average-linkage seriation over pairwise shared features; no imputation
evidence_visibility,FM,Micronesia (Federated States of),11,renewable-energy-share-in-the-total-final-energy-consumption,Renewable energy share,reporting_presence,1.0,100.0,binary reporting presence,,"any returned row, 2000-2023",True,not applicable; binary reporting presence,not_applicable_aggregate_visibility,Pacific Data Hub official SDMX rows,"Reporting presence describes evidence visibility, not conditions.",16,evidence_visibility: average-linkage seriation over pairwise shared features; no imputation
evidence_visibility,FM,Micronesia (Federated States of),12,proportion-of-population-using-safely-managed-drinking-water-services,Safely managed drinking water,reporting_presence,1.0,100.0,binary reporting presence,,"any returned row, 2000-2022",True,not applicable; binary reporting presence,not_applicable_aggregate_visibility,Pacific Data Hub official SDMX rows,"Reporting presence describes evidence visibility, not conditions.",16,evidence_visibility: average-linkage seriation over pairwise shared features; no imputation
evidence_visibility,FM,Micronesia (Federated States of),13,direct-disaster-economic-loss,Recorded direct disaster loss,reporting_visibility_only,1.0,100.0,binary reporting presence,,"any returned row, 2007-2020",True,not applicable; binary reporting presence,not_applicable_aggregate_visibility,Pacific Data Hub official SDMX rows,Direct-loss presence is reporting visibility only; absence is not zero loss.,16,evidence_visibility: average-linkage seriation over pairwise shared features; no imputation
evidence_visibility,FM,Micronesia (Federated States of),14,climate-altering-land-cover-index,Climate-altering land-cover index,reporting_presence,1.0,100.0,binary reporting presence,,"any returned row, 1992-2022",True,not applicable; binary reporting presence,not_applicable_aggregate_visibility,Pacific Data Hub official SDMX rows,"Reporting presence describes evidence visibility, not conditions.",16,evidence_visibility: average-linkage seriation over pairwise shared features; no imputation
evidence_visibility,FJ,Fiji,1,fisheries-management-measures-in-place-and-multilateral-and-bilateral-fisheries-management-arrangements,Fisheries management measures in place and multilateral and bilateral fisheries management arrangements,reporting_presence,1.0,100.0,binary reporting presence,,any baseline row represented in reviewed coverage table,True,not applicable; binary reporting presence,not_applicable_aggregate_visibility,Pacific Data Hub official SDMX rows,"Reporting presence describes evidence visibility, not conditions.",17,evidence_visibility: average-linkage seriation over pairwise shared features; no imputation
evidence_visibility,FJ,Fiji,2,greenhouse-gas-emissions-per-capita,Greenhouse gas emissions per capita,reporting_presence,1.0,100.0,binary reporting presence,,any baseline row represented in reviewed coverage table,True,not applicable; binary reporting presence,not_applicable_aggregate_visibility,Pacific Data Hub official SDMX rows,"Reporting presence describes evidence visibility, not conditions.",17,evidence_visibility: average-linkage seriation over pairwise shared features; no imputation
evidence_visibility,FJ,Fiji,3,mean-sea-surface-temperature-anomalies,Mean sea surface temperature anomalies,reporting_presence,1.0,100.0,binary reporting presence,,any baseline row represented in reviewed coverage table,True,not applicable; binary reporting presence,not_applicable_aggregate_visibility,Pacific Data Hub official SDMX rows,"Reporting presence describes evidence visibility, not conditions.",17,evidence_visibility: average-linkage seriation over pairwise shared features; no imputation
evidence_visibility,FJ,Fiji,4,mean-surface-temperature-anomalies,Mean surface temperature anomalies,reporting_presence,1.0,100.0,binary reporting presence,,any baseline row represented in reviewed coverage table,True,not applicable; binary reporting presence,not_applicable_aggregate_visibility,Pacific Data Hub official SDMX rows,"Reporting presence describes evidence visibility, not conditions.",17,evidence_visibility: average-linkage seriation over pairwise shared features; no imputation
evidence_visibility,FJ,Fiji,5,meteorological-monitoring-network,Meteorological monitoring network,reporting_presence,1.0,100.0,binary reporting presence,2026.0,latest official monitoring reporting status,True,not applicable; binary reporting presence,not_applicable_aggregate_visibility,Pacific Data Hub official SDMX rows,"Reporting presence is a partial monitoring proxy, not preparedness.",17,evidence_visibility: average-linkage seriation over pairwise shared features; no imputation
evidence_visibility,FJ,Fiji,6,number-of-directly-affected-persons-attributed-to-disasters,Number of directly affected persons attributed to disasters,reporting_presence,1.0,100.0,binary reporting presence,,any baseline row represented in reviewed coverage table,True,not applicable; binary reporting presence,not_applicable_aggregate_visibility,Pacific Data Hub official SDMX rows,"Reporting presence describes evidence visibility, not conditions.",17,evidence_visibility: average-linkage seriation over pairwise shared features; no imputation
evidence_visibility,FJ,Fiji,7,power-generation,Power generation,reporting_presence,1.0,100.0,binary reporting presence,,any baseline row represented in reviewed coverage table,True,not applicable; binary reporting presence,not_applicable_aggregate_visibility,Pacific Data Hub official SDMX rows,"Reporting presence describes evidence visibility, not conditions.",17,evidence_visibility: average-linkage seriation over pairwise shared features; no imputation
evidence_visibility,FJ,Fiji,8,rainfall-anomalies,Rainfall anomalies,reporting_presence,1.0,100.0,binary reporting presence,,any baseline row represented in reviewed coverage table,True,not applicable; binary reporting presence,not_applicable_aggregate_visibility,Pacific Data Hub official SDMX rows,"Reporting presence describes evidence visibility, not conditions.",17,evidence_visibility: average-linkage seriation over pairwise shared features; no imputation
evidence_visibility,FJ,Fiji,9,sea-level-anomalies,Sea level anomalies,reporting_presence,1.0,100.0,binary reporting presence,,any baseline row represented in reviewed coverage table,True,not applicable; binary reporting presence,not_applicable_aggregate_visibility,Pacific Data Hub official SDMX rows,"Reporting presence describes evidence visibility, not conditions.",17,evidence_visibility: average-linkage seriation over pairwise shared features; no imputation
evidence_visibility,FJ,Fiji,10,population-growth,Projected population growth,reporting_presence,1.0,100.0,binary reporting presence,,"any returned row, 1990-2025",True,not applicable; binary reporting presence,not_applicable_aggregate_visibility,Pacific Data Hub official SDMX rows,"Reporting presence describes evidence visibility, not conditions.",17,evidence_visibility: average-linkage seriation over pairwise shared features; no imputation
evidence_visibility,FJ,Fiji,11,renewable-energy-share-in-the-total-final-energy-consumption,Renewable energy share,reporting_presence,1.0,100.0,binary reporting presence,,"any returned row, 2000-2023",True,not applicable; binary reporting presence,not_applicable_aggregate_visibility,Pacific Data Hub official SDMX rows,"Reporting presence describes evidence visibility, not conditions.",17,evidence_visibility: average-linkage seriation over pairwise shared features; no imputation
evidence_visibility,FJ,Fiji,12,proportion-of-population-using-safely-managed-drinking-water-services,Safely managed drinking water,reporting_presence,1.0,100.0,binary reporting presence,,"any returned row, 2000-2022",True,not applicable; binary reporting presence,not_applicable_aggregate_visibility,Pacific Data Hub official SDMX rows,"Reporting presence describes evidence visibility, not conditions.",17,evidence_visibility: average-linkage seriation over pairwise shared features; no imputation
evidence_visibility,FJ,Fiji,13,direct-disaster-economic-loss,Recorded direct disaster loss,reporting_visibility_only,1.0,100.0,binary reporting presence,,"any returned row, 2007-2020",True,not applicable; binary reporting presence,not_applicable_aggregate_visibility,Pacific Data Hub official SDMX rows,Direct-loss presence is reporting visibility only; absence is not zero loss.,17,evidence_visibility: average-linkage seriation over pairwise shared features; no imputation
evidence_visibility,FJ,Fiji,14,climate-altering-land-cover-index,Climate-altering land-cover index,reporting_presence,1.0,100.0,binary reporting presence,,"any returned row, 1992-2022",True,not applicable; binary reporting presence,not_applicable_aggregate_visibility,Pacific Data Hub official SDMX rows,"Reporting presence describes evidence visibility, not conditions.",17,evidence_visibility: average-linkage seriation over pairwise shared features; no imputation
evidence_visibility,MH,Marshall Islands,1,fisheries-management-measures-in-place-and-multilateral-and-bilateral-fisheries-management-arrangements,Fisheries management measures in place and multilateral and bilateral fisheries management arrangements,reporting_presence,1.0,100.0,binary reporting presence,,any baseline row represented in reviewed coverage table,True,not applicable; binary reporting presence,not_applicable_aggregate_visibility,Pacific Data Hub official SDMX rows,"Reporting presence describes evidence visibility, not conditions.",18,evidence_visibility: average-linkage seriation over pairwise shared features; no imputation
evidence_visibility,MH,Marshall Islands,2,greenhouse-gas-emissions-per-capita,Greenhouse gas emissions per capita,reporting_presence,1.0,100.0,binary reporting presence,,any baseline row represented in reviewed coverage table,True,not applicable; binary reporting presence,not_applicable_aggregate_visibility,Pacific Data Hub official SDMX rows,"Reporting presence describes evidence visibility, not conditions.",18,evidence_visibility: average-linkage seriation over pairwise shared features; no imputation
evidence_visibility,MH,Marshall Islands,3,mean-sea-surface-temperature-anomalies,Mean sea surface temperature anomalies,reporting_presence,1.0,100.0,binary reporting presence,,any baseline row represented in reviewed coverage table,True,not applicable; binary reporting presence,not_applicable_aggregate_visibility,Pacific Data Hub official SDMX rows,"Reporting presence describes evidence visibility, not conditions.",18,evidence_visibility: average-linkage seriation over pairwise shared features; no imputation
evidence_visibility,MH,Marshall Islands,4,mean-surface-temperature-anomalies,Mean surface temperature anomalies,reporting_presence,1.0,100.0,binary reporting presence,,any baseline row represented in reviewed coverage table,True,not applicable; binary reporting presence,not_applicable_aggregate_visibility,Pacific Data Hub official SDMX rows,"Reporting presence describes evidence visibility, not conditions.",18,evidence_visibility: average-linkage seriation over pairwise shared features; no imputation
evidence_visibility,MH,Marshall Islands,5,meteorological-monitoring-network,Meteorological monitoring network,reporting_presence,1.0,100.0,binary reporting presence,2026.0,latest official monitoring reporting status,True,not applicable; binary reporting presence,not_applicable_aggregate_visibility,Pacific Data Hub official SDMX rows,"Reporting presence is a partial monitoring proxy, not preparedness.",18,evidence_visibility: average-linkage seriation over pairwise shared features; no imputation
evidence_visibility,MH,Marshall Islands,6,number-of-directly-affected-persons-attributed-to-disasters,Number of directly affected persons attributed to disasters,reporting_presence,1.0,100.0,binary reporting presence,,any baseline row represented in reviewed coverage table,True,not applicable; binary reporting presence,not_applicable_aggregate_visibility,Pacific Data Hub official SDMX rows,"Reporting presence describes evidence visibility, not conditions.",18,evidence_visibility: average-linkage seriation over pairwise shared features; no imputation
evidence_visibility,MH,Marshall Islands,7,power-generation,Power generation,reporting_presence,1.0,100.0,binary reporting presence,,any baseline row represented in reviewed coverage table,True,not applicable; binary reporting presence,not_applicable_aggregate_visibility,Pacific Data Hub official SDMX rows,"Reporting presence describes evidence visibility, not conditions.",18,evidence_visibility: average-linkage seriation over pairwise shared features; no imputation
evidence_visibility,MH,Marshall Islands,8,rainfall-anomalies,Rainfall anomalies,reporting_presence,1.0,100.0,binary reporting presence,,any baseline row represented in reviewed coverage table,True,not applicable; binary reporting presence,not_applicable_aggregate_visibility,Pacific Data Hub official SDMX rows,"Reporting presence describes evidence visibility, not conditions.",18,evidence_visibility: average-linkage seriation over pairwise shared features; no imputation
evidence_visibility,MH,Marshall Islands,9,sea-level-anomalies,Sea level anomalies,reporting_presence,1.0,100.0,binary reporting presence,,any baseline row represented in reviewed coverage table,True,not applicable; binary reporting presence,not_applicable_aggregate_visibility,Pacific Data Hub official SDMX rows,"Reporting presence describes evidence visibility, not conditions.",18,evidence_visibility: average-linkage seriation over pairwise shared features; no imputation
evidence_visibility,MH,Marshall Islands,10,population-growth,Projected population growth,reporting_presence,1.0,100.0,binary reporting presence,,"any returned row, 1990-2025",True,not applicable; binary reporting presence,not_applicable_aggregate_visibility,Pacific Data Hub official SDMX rows,"Reporting presence describes evidence visibility, not conditions.",18,evidence_visibility: average-linkage seriation over pairwise shared features; no imputation
evidence_visibility,MH,Marshall Islands,11,renewable-energy-share-in-the-total-final-energy-consumption,Renewable energy share,reporting_presence,1.0,100.0,binary reporting presence,,"any returned row, 2000-2023",True,not applicable; binary reporting presence,not_applicable_aggregate_visibility,Pacific Data Hub official SDMX rows,"Reporting presence describes evidence visibility, not conditions.",18,evidence_visibility: average-linkage seriation over pairwise shared features; no imputation
evidence_visibility,MH,Marshall Islands,12,proportion-of-population-using-safely-managed-drinking-water-services,Safely managed drinking water,reporting_presence,1.0,100.0,binary reporting presence,,"any returned row, 2000-2022",True,not applicable; binary reporting presence,not_applicable_aggregate_visibility,Pacific Data Hub official SDMX rows,"Reporting presence describes evidence visibility, not conditions.",18,evidence_visibility: average-linkage seriation over pairwise shared features; no imputation
evidence_visibility,MH,Marshall Islands,13,direct-disaster-economic-loss,Recorded direct disaster loss,reporting_visibility_only,1.0,100.0,binary reporting presence,,"any returned row, 2007-2020",True,not applicable; binary reporting presence,not_applicable_aggregate_visibility,Pacific Data Hub official SDMX rows,Direct-loss presence is reporting visibility only; absence is not zero loss.,18,evidence_visibility: average-linkage seriation over pairwise shared features; no imputation
evidence_visibility,MH,Marshall Islands,14,climate-altering-land-cover-index,Climate-altering land-cover index,reporting_presence,1.0,100.0,binary reporting presence,,"any returned row, 1992-2022",True,not applicable; binary reporting presence,not_applicable_aggregate_visibility,Pacific Data Hub official SDMX rows,"Reporting presence describes evidence visibility, not conditions.",18,evidence_visibility: average-linkage seriation over pairwise shared features; no imputation
evidence_visibility,PF,French Polynesia,1,fisheries-management-measures-in-place-and-multilateral-and-bilateral-fisheries-management-arrangements,Fisheries management measures in place and multilateral and bilateral fisheries management arrangements,reporting_presence,1.0,100.0,binary reporting presence,,any baseline row represented in reviewed coverage table,True,not applicable; binary reporting presence,not_applicable_aggregate_visibility,Pacific Data Hub official SDMX rows,"Reporting presence describes evidence visibility, not conditions.",19,evidence_visibility: average-linkage seriation over pairwise shared features; no imputation
evidence_visibility,PF,French Polynesia,2,greenhouse-gas-emissions-per-capita,Greenhouse gas emissions per capita,reporting_presence,1.0,100.0,binary reporting presence,,any baseline row represented in reviewed coverage table,True,not applicable; binary reporting presence,not_applicable_aggregate_visibility,Pacific Data Hub official SDMX rows,"Reporting presence describes evidence visibility, not conditions.",19,evidence_visibility: average-linkage seriation over pairwise shared features; no imputation
evidence_visibility,PF,French Polynesia,3,mean-sea-surface-temperature-anomalies,Mean sea surface temperature anomalies,reporting_presence,1.0,100.0,binary reporting presence,,any baseline row represented in reviewed coverage table,True,not applicable; binary reporting presence,not_applicable_aggregate_visibility,Pacific Data Hub official SDMX rows,"Reporting presence describes evidence visibility, not conditions.",19,evidence_visibility: average-linkage seriation over pairwise shared features; no imputation
evidence_visibility,PF,French Polynesia,4,mean-surface-temperature-anomalies,Mean surface temperature anomalies,reporting_presence,1.0,100.0,binary reporting presence,,any baseline row represented in reviewed coverage table,True,not applicable; binary reporting presence,not_applicable_aggregate_visibility,Pacific Data Hub official SDMX rows,"Reporting presence describes evidence visibility, not conditions.",19,evidence_visibility: average-linkage seriation over pairwise shared features; no imputation
evidence_visibility,PF,French Polynesia,5,meteorological-monitoring-network,Meteorological monitoring network,reporting_presence,1.0,100.0,binary reporting presence,2026.0,latest official monitoring reporting status,True,not applicable; binary reporting presence,not_applicable_aggregate_visibility,Pacific Data Hub official SDMX rows,"Reporting presence is a partial monitoring proxy, not preparedness.",19,evidence_visibility: average-linkage seriation over pairwise shared features; no imputation
evidence_visibility,PF,French Polynesia,6,number-of-directly-affected-persons-attributed-to-disasters,Number of directly affected persons attributed to disasters,reporting_presence,1.0,100.0,binary reporting presence,,any baseline row represented in reviewed coverage table,True,not applicable; binary reporting presence,not_applicable_aggregate_visibility,Pacific Data Hub official SDMX rows,"Reporting presence describes evidence visibility, not conditions.",19,evidence_visibility: average-linkage seriation over pairwise shared features; no imputation
evidence_visibility,PF,French Polynesia,7,power-generation,Power generation,reporting_presence,1.0,100.0,binary reporting presence,,any baseline row represented in reviewed coverage table,True,not applicable; binary reporting presence,not_applicable_aggregate_visibility,Pacific Data Hub official SDMX rows,"Reporting presence describes evidence visibility, not conditions.",19,evidence_visibility: average-linkage seriation over pairwise shared features; no imputation
evidence_visibility,PF,French Polynesia,8,rainfall-anomalies,Rainfall anomalies,reporting_presence,1.0,100.0,binary reporting presence,,any baseline row represented in reviewed coverage table,True,not applicable; binary reporting presence,not_applicable_aggregate_visibility,Pacific Data Hub official SDMX rows,"Reporting presence describes evidence visibility, not conditions.",19,evidence_visibility: average-linkage seriation over pairwise shared features; no imputation
evidence_visibility,PF,French Polynesia,9,sea-level-anomalies,Sea level anomalies,reporting_presence,1.0,100.0,binary reporting presence,,any baseline row represented in reviewed coverage table,True,not applicable; binary reporting presence,not_applicable_aggregate_visibility,Pacific Data Hub official SDMX rows,"Reporting presence describes evidence visibility, not conditions.",19,evidence_visibility: average-linkage seriation over pairwise shared features; no imputation
evidence_visibility,PF,French Polynesia,10,population-growth,Projected population growth,reporting_presence,1.0,100.0,binary reporting presence,,"any returned row, 1990-2025",True,not applicable; binary reporting presence,not_applicable_aggregate_visibility,Pacific Data Hub official SDMX rows,"Reporting presence describes evidence visibility, not conditions.",19,evidence_visibility: average-linkage seriation over pairwise shared features; no imputation
evidence_visibility,PF,French Polynesia,11,renewable-energy-share-in-the-total-final-energy-consumption,Renewable energy share,reporting_presence,1.0,100.0,binary reporting presence,,"any returned row, 2000-2023",True,not applicable; binary reporting presence,not_applicable_aggregate_visibility,Pacific Data Hub official SDMX rows,"Reporting presence describes evidence visibility, not conditions.",19,evidence_visibility: average-linkage seriation over pairwise shared features; no imputation
evidence_visibility,PF,French Polynesia,12,proportion-of-population-using-safely-managed-drinking-water-services,Safely managed drinking water,reporting_presence,1.0,100.0,binary reporting presence,,"any returned row, 2000-2022",True,not applicable; binary reporting presence,not_applicable_aggregate_visibility,Pacific Data Hub official SDMX rows,"Reporting presence describes evidence visibility, not conditions.",19,evidence_visibility: average-linkage seriation over pairwise shared features; no imputation
evidence_visibility,PF,French Polynesia,13,direct-disaster-economic-loss,Recorded direct disaster loss,reporting_visibility_only,1.0,100.0,binary reporting presence,,"any returned row, 2007-2020",True,not applicable; binary reporting presence,not_applicable_aggregate_visibility,Pacific Data Hub official SDMX rows,Direct-loss presence is reporting visibility only; absence is not zero loss.,19,evidence_visibility: average-linkage seriation over pairwise shared features; no imputation
evidence_visibility,PF,French Polynesia,14,climate-altering-land-cover-index,Climate-altering land-cover index,reporting_presence,1.0,100.0,binary reporting presence,,"any returned row, 1992-2022",True,not applicable; binary reporting presence,not_applicable_aggregate_visibility,Pacific Data Hub official SDMX rows,"Reporting presence describes evidence visibility, not conditions.",19,evidence_visibility: average-linkage seriation over pairwise shared features; no imputation
evidence_visibility,PW,Palau,1,fisheries-management-measures-in-place-and-multilateral-and-bilateral-fisheries-management-arrangements,Fisheries management measures in place and multilateral and bilateral fisheries management arrangements,reporting_presence,1.0,100.0,binary reporting presence,,any baseline row represented in reviewed coverage table,True,not applicable; binary reporting presence,not_applicable_aggregate_visibility,Pacific Data Hub official SDMX rows,"Reporting presence describes evidence visibility, not conditions.",20,evidence_visibility: average-linkage seriation over pairwise shared features; no imputation
evidence_visibility,PW,Palau,2,greenhouse-gas-emissions-per-capita,Greenhouse gas emissions per capita,reporting_presence,1.0,100.0,binary reporting presence,,any baseline row represented in reviewed coverage table,True,not applicable; binary reporting presence,not_applicable_aggregate_visibility,Pacific Data Hub official SDMX rows,"Reporting presence describes evidence visibility, not conditions.",20,evidence_visibility: average-linkage seriation over pairwise shared features; no imputation
evidence_visibility,PW,Palau,3,mean-sea-surface-temperature-anomalies,Mean sea surface temperature anomalies,reporting_presence,1.0,100.0,binary reporting presence,,any baseline row represented in reviewed coverage table,True,not applicable; binary reporting presence,not_applicable_aggregate_visibility,Pacific Data Hub official SDMX rows,"Reporting presence describes evidence visibility, not conditions.",20,evidence_visibility: average-linkage seriation over pairwise shared features; no imputation
evidence_visibility,PW,Palau,4,mean-surface-temperature-anomalies,Mean surface temperature anomalies,reporting_presence,1.0,100.0,binary reporting presence,,any baseline row represented in reviewed coverage table,True,not applicable; binary reporting presence,not_applicable_aggregate_visibility,Pacific Data Hub official SDMX rows,"Reporting presence describes evidence visibility, not conditions.",20,evidence_visibility: average-linkage seriation over pairwise shared features; no imputation
evidence_visibility,PW,Palau,5,meteorological-monitoring-network,Meteorological monitoring network,reporting_presence,1.0,100.0,binary reporting presence,2026.0,latest official monitoring reporting status,True,not applicable; binary reporting presence,not_applicable_aggregate_visibility,Pacific Data Hub official SDMX rows,"Reporting presence is a partial monitoring proxy, not preparedness.",20,evidence_visibility: average-linkage seriation over pairwise shared features; no imputation
evidence_visibility,PW,Palau,6,number-of-directly-affected-persons-attributed-to-disasters,Number of directly affected persons attributed to disasters,reporting_presence,1.0,100.0,binary reporting presence,,any baseline row represented in reviewed coverage table,True,not applicable; binary reporting presence,not_applicable_aggregate_visibility,Pacific Data Hub official SDMX rows,"Reporting presence describes evidence visibility, not conditions.",20,evidence_visibility: average-linkage seriation over pairwise shared features; no imputation
evidence_visibility,PW,Palau,7,power-generation,Power generation,reporting_presence,1.0,100.0,binary reporting presence,,any baseline row represented in reviewed coverage table,True,not applicable; binary reporting presence,not_applicable_aggregate_visibility,Pacific Data Hub official SDMX rows,"Reporting presence describes evidence visibility, not conditions.",20,evidence_visibility: average-linkage seriation over pairwise shared features; no imputation
evidence_visibility,PW,Palau,8,rainfall-anomalies,Rainfall anomalies,reporting_presence,1.0,100.0,binary reporting presence,,any baseline row represented in reviewed coverage table,True,not applicable; binary reporting presence,not_applicable_aggregate_visibility,Pacific Data Hub official SDMX rows,"Reporting presence describes evidence visibility, not conditions.",20,evidence_visibility: average-linkage seriation over pairwise shared features; no imputation
evidence_visibility,PW,Palau,9,sea-level-anomalies,Sea level anomalies,reporting_presence,1.0,100.0,binary reporting presence,,any baseline row represented in reviewed coverage table,True,not applicable; binary reporting presence,not_applicable_aggregate_visibility,Pacific Data Hub official SDMX rows,"Reporting presence describes evidence visibility, not conditions.",20,evidence_visibility: average-linkage seriation over pairwise shared features; no imputation
evidence_visibility,PW,Palau,10,population-growth,Projected population growth,reporting_presence,1.0,100.0,binary reporting presence,,"any returned row, 1990-2025",True,not applicable; binary reporting presence,not_applicable_aggregate_visibility,Pacific Data Hub official SDMX rows,"Reporting presence describes evidence visibility, not conditions.",20,evidence_visibility: average-linkage seriation over pairwise shared features; no imputation
evidence_visibility,PW,Palau,11,renewable-energy-share-in-the-total-final-energy-consumption,Renewable energy share,reporting_presence,1.0,100.0,binary reporting presence,,"any returned row, 2000-2023",True,not applicable; binary reporting presence,not_applicable_aggregate_visibility,Pacific Data Hub official SDMX rows,"Reporting presence describes evidence visibility, not conditions.",20,evidence_visibility: average-linkage seriation over pairwise shared features; no imputation
evidence_visibility,PW,Palau,12,proportion-of-population-using-safely-managed-drinking-water-services,Safely managed drinking water,reporting_presence,1.0,100.0,binary reporting presence,,"any returned row, 2000-2022",True,not applicable; binary reporting presence,not_applicable_aggregate_visibility,Pacific Data Hub official SDMX rows,"Reporting presence describes evidence visibility, not conditions.",20,evidence_visibility: average-linkage seriation over pairwise shared features; no imputation
evidence_visibility,PW,Palau,13,direct-disaster-economic-loss,Recorded direct disaster loss,reporting_visibility_only,1.0,100.0,binary reporting presence,,"any returned row, 2007-2020",True,not applicable; binary reporting presence,not_applicable_aggregate_visibility,Pacific Data Hub official SDMX rows,Direct-loss presence is reporting visibility only; absence is not zero loss.,20,evidence_visibility: average-linkage seriation over pairwise shared features; no imputation
evidence_visibility,PW,Palau,14,climate-altering-land-cover-index,Climate-altering land-cover index,reporting_presence,1.0,100.0,binary reporting presence,,"any returned row, 1992-2022",True,not applicable; binary reporting presence,not_applicable_aggregate_visibility,Pacific Data Hub official SDMX rows,"Reporting presence describes evidence visibility, not conditions.",20,evidence_visibility: average-linkage seriation over pairwise shared features; no imputation
evidence_visibility,TO,Tonga,1,fisheries-management-measures-in-place-and-multilateral-and-bilateral-fisheries-management-arrangements,Fisheries management measures in place and multilateral and bilateral fisheries management arrangements,reporting_presence,1.0,100.0,binary reporting presence,,any baseline row represented in reviewed coverage table,True,not applicable; binary reporting presence,not_applicable_aggregate_visibility,Pacific Data Hub official SDMX rows,"Reporting presence describes evidence visibility, not conditions.",21,evidence_visibility: average-linkage seriation over pairwise shared features; no imputation
evidence_visibility,TO,Tonga,2,greenhouse-gas-emissions-per-capita,Greenhouse gas emissions per capita,reporting_presence,1.0,100.0,binary reporting presence,,any baseline row represented in reviewed coverage table,True,not applicable; binary reporting presence,not_applicable_aggregate_visibility,Pacific Data Hub official SDMX rows,"Reporting presence describes evidence visibility, not conditions.",21,evidence_visibility: average-linkage seriation over pairwise shared features; no imputation
evidence_visibility,TO,Tonga,3,mean-sea-surface-temperature-anomalies,Mean sea surface temperature anomalies,reporting_presence,1.0,100.0,binary reporting presence,,any baseline row represented in reviewed coverage table,True,not applicable; binary reporting presence,not_applicable_aggregate_visibility,Pacific Data Hub official SDMX rows,"Reporting presence describes evidence visibility, not conditions.",21,evidence_visibility: average-linkage seriation over pairwise shared features; no imputation
evidence_visibility,TO,Tonga,4,mean-surface-temperature-anomalies,Mean surface temperature anomalies,reporting_presence,1.0,100.0,binary reporting presence,,any baseline row represented in reviewed coverage table,True,not applicable; binary reporting presence,not_applicable_aggregate_visibility,Pacific Data Hub official SDMX rows,"Reporting presence describes evidence visibility, not conditions.",21,evidence_visibility: average-linkage seriation over pairwise shared features; no imputation
evidence_visibility,TO,Tonga,5,meteorological-monitoring-network,Meteorological monitoring network,reporting_presence,1.0,100.0,binary reporting presence,2026.0,latest official monitoring reporting status,True,not applicable; binary reporting presence,not_applicable_aggregate_visibility,Pacific Data Hub official SDMX rows,"Reporting presence is a partial monitoring proxy, not preparedness.",21,evidence_visibility: average-linkage seriation over pairwise shared features; no imputation
evidence_visibility,TO,Tonga,6,number-of-directly-affected-persons-attributed-to-disasters,Number of directly affected persons attributed to disasters,reporting_presence,1.0,100.0,binary reporting presence,,any baseline row represented in reviewed coverage table,True,not applicable; binary reporting presence,not_applicable_aggregate_visibility,Pacific Data Hub official SDMX rows,"Reporting presence describes evidence visibility, not conditions.",21,evidence_visibility: average-linkage seriation over pairwise shared features; no imputation
evidence_visibility,TO,Tonga,7,power-generation,Power generation,reporting_presence,1.0,100.0,binary reporting presence,,any baseline row represented in reviewed coverage table,True,not applicable; binary reporting presence,not_applicable_aggregate_visibility,Pacific Data Hub official SDMX rows,"Reporting presence describes evidence visibility, not conditions.",21,evidence_visibility: average-linkage seriation over pairwise shared features; no imputation
evidence_visibility,TO,Tonga,8,rainfall-anomalies,Rainfall anomalies,reporting_presence,1.0,100.0,binary reporting presence,,any baseline row represented in reviewed coverage table,True,not applicable; binary reporting presence,not_applicable_aggregate_visibility,Pacific Data Hub official SDMX rows,"Reporting presence describes evidence visibility, not conditions.",21,evidence_visibility: average-linkage seriation over pairwise shared features; no imputation
evidence_visibility,TO,Tonga,9,sea-level-anomalies,Sea level anomalies,reporting_presence,1.0,100.0,binary reporting presence,,any baseline row represented in reviewed coverage table,True,not applicable; binary reporting presence,not_applicable_aggregate_visibility,Pacific Data Hub official SDMX rows,"Reporting presence describes evidence visibility, not conditions.",21,evidence_visibility: average-linkage seriation over pairwise shared features; no imputation
evidence_visibility,TO,Tonga,10,population-growth,Projected population growth,reporting_presence,1.0,100.0,binary reporting presence,,"any returned row, 1990-2025",True,not applicable; binary reporting presence,not_applicable_aggregate_visibility,Pacific Data Hub official SDMX rows,"Reporting presence describes evidence visibility, not conditions.",21,evidence_visibility: average-linkage seriation over pairwise shared features; no imputation
evidence_visibility,TO,Tonga,11,renewable-energy-share-in-the-total-final-energy-consumption,Renewable energy share,reporting_presence,1.0,100.0,binary reporting presence,,"any returned row, 2000-2023",True,not applicable; binary reporting presence,not_applicable_aggregate_visibility,Pacific Data Hub official SDMX rows,"Reporting presence describes evidence visibility, not conditions.",21,evidence_visibility: average-linkage seriation over pairwise shared features; no imputation
evidence_visibility,TO,Tonga,12,proportion-of-population-using-safely-managed-drinking-water-services,Safely managed drinking water,reporting_presence,1.0,100.0,binary reporting presence,,"any returned row, 2000-2022",True,not applicable; binary reporting presence,not_applicable_aggregate_visibility,Pacific Data Hub official SDMX rows,"Reporting presence describes evidence visibility, not conditions.",21,evidence_visibility: average-linkage seriation over pairwise shared features; no imputation
evidence_visibility,TO,Tonga,13,direct-disaster-economic-loss,Recorded direct disaster loss,reporting_visibility_only,1.0,100.0,binary reporting presence,,"any returned row, 2007-2020",True,not applicable; binary reporting presence,not_applicable_aggregate_visibility,Pacific Data Hub official SDMX rows,Direct-loss presence is reporting visibility only; absence is not zero loss.,21,evidence_visibility: average-linkage seriation over pairwise shared features; no imputation
evidence_visibility,TO,Tonga,14,climate-altering-land-cover-index,Climate-altering land-cover index,reporting_presence,1.0,100.0,binary reporting presence,,"any returned row, 1992-2022",True,not applicable; binary reporting presence,not_applicable_aggregate_visibility,Pacific Data Hub official SDMX rows,"Reporting presence describes evidence visibility, not conditions.",21,evidence_visibility: average-linkage seriation over pairwise shared features; no imputation
evidence_visibility,WS,Samoa,1,fisheries-management-measures-in-place-and-multilateral-and-bilateral-fisheries-management-arrangements,Fisheries management measures in place and multilateral and bilateral fisheries management arrangements,reporting_presence,1.0,100.0,binary reporting presence,,any baseline row represented in reviewed coverage table,True,not applicable; binary reporting presence,not_applicable_aggregate_visibility,Pacific Data Hub official SDMX rows,"Reporting presence describes evidence visibility, not conditions.",22,evidence_visibility: average-linkage seriation over pairwise shared features; no imputation
evidence_visibility,WS,Samoa,2,greenhouse-gas-emissions-per-capita,Greenhouse gas emissions per capita,reporting_presence,1.0,100.0,binary reporting presence,,any baseline row represented in reviewed coverage table,True,not applicable; binary reporting presence,not_applicable_aggregate_visibility,Pacific Data Hub official SDMX rows,"Reporting presence describes evidence visibility, not conditions.",22,evidence_visibility: average-linkage seriation over pairwise shared features; no imputation
evidence_visibility,WS,Samoa,3,mean-sea-surface-temperature-anomalies,Mean sea surface temperature anomalies,reporting_presence,1.0,100.0,binary reporting presence,,any baseline row represented in reviewed coverage table,True,not applicable; binary reporting presence,not_applicable_aggregate_visibility,Pacific Data Hub official SDMX rows,"Reporting presence describes evidence visibility, not conditions.",22,evidence_visibility: average-linkage seriation over pairwise shared features; no imputation
evidence_visibility,WS,Samoa,4,mean-surface-temperature-anomalies,Mean surface temperature anomalies,reporting_presence,1.0,100.0,binary reporting presence,,any baseline row represented in reviewed coverage table,True,not applicable; binary reporting presence,not_applicable_aggregate_visibility,Pacific Data Hub official SDMX rows,"Reporting presence describes evidence visibility, not conditions.",22,evidence_visibility: average-linkage seriation over pairwise shared features; no imputation
evidence_visibility,WS,Samoa,5,meteorological-monitoring-network,Meteorological monitoring network,reporting_presence,1.0,100.0,binary reporting presence,2026.0,latest official monitoring reporting status,True,not applicable; binary reporting presence,not_applicable_aggregate_visibility,Pacific Data Hub official SDMX rows,"Reporting presence is a partial monitoring proxy, not preparedness.",22,evidence_visibility: average-linkage seriation over pairwise shared features; no imputation
evidence_visibility,WS,Samoa,6,number-of-directly-affected-persons-attributed-to-disasters,Number of directly affected persons attributed to disasters,reporting_presence,1.0,100.0,binary reporting presence,,any baseline row represented in reviewed coverage table,True,not applicable; binary reporting presence,not_applicable_aggregate_visibility,Pacific Data Hub official SDMX rows,"Reporting presence describes evidence visibility, not conditions.",22,evidence_visibility: average-linkage seriation over pairwise shared features; no imputation
evidence_visibility,WS,Samoa,7,power-generation,Power generation,reporting_presence,1.0,100.0,binary reporting presence,,any baseline row represented in reviewed coverage table,True,not applicable; binary reporting presence,not_applicable_aggregate_visibility,Pacific Data Hub official SDMX rows,"Reporting presence describes evidence visibility, not conditions.",22,evidence_visibility: average-linkage seriation over pairwise shared features; no imputation
evidence_visibility,WS,Samoa,8,rainfall-anomalies,Rainfall anomalies,reporting_presence,1.0,100.0,binary reporting presence,,any baseline row represented in reviewed coverage table,True,not applicable; binary reporting presence,not_applicable_aggregate_visibility,Pacific Data Hub official SDMX rows,"Reporting presence describes evidence visibility, not conditions.",22,evidence_visibility: average-linkage seriation over pairwise shared features; no imputation
evidence_visibility,WS,Samoa,9,sea-level-anomalies,Sea level anomalies,reporting_presence,1.0,100.0,binary reporting presence,,any baseline row represented in reviewed coverage table,True,not applicable; binary reporting presence,not_applicable_aggregate_visibility,Pacific Data Hub official SDMX rows,"Reporting presence describes evidence visibility, not conditions.",22,evidence_visibility: average-linkage seriation over pairwise shared features; no imputation
evidence_visibility,WS,Samoa,10,population-growth,Projected population growth,reporting_presence,1.0,100.0,binary reporting presence,,"any returned row, 1990-2025",True,not applicable; binary reporting presence,not_applicable_aggregate_visibility,Pacific Data Hub official SDMX rows,"Reporting presence describes evidence visibility, not conditions.",22,evidence_visibility: average-linkage seriation over pairwise shared features; no imputation
evidence_visibility,WS,Samoa,11,renewable-energy-share-in-the-total-final-energy-consumption,Renewable energy share,reporting_presence,1.0,100.0,binary reporting presence,,"any returned row, 2000-2023",True,not applicable; binary reporting presence,not_applicable_aggregate_visibility,Pacific Data Hub official SDMX rows,"Reporting presence describes evidence visibility, not conditions.",22,evidence_visibility: average-linkage seriation over pairwise shared features; no imputation
evidence_visibility,WS,Samoa,12,proportion-of-population-using-safely-managed-drinking-water-services,Safely managed drinking water,reporting_presence,1.0,100.0,binary reporting presence,,"any returned row, 2000-2022",True,not applicable; binary reporting presence,not_applicable_aggregate_visibility,Pacific Data Hub official SDMX rows,"Reporting presence describes evidence visibility, not conditions.",22,evidence_visibility: average-linkage seriation over pairwise shared features; no imputation
evidence_visibility,WS,Samoa,13,direct-disaster-economic-loss,Recorded direct disaster loss,reporting_visibility_only,1.0,100.0,binary reporting presence,,"any returned row, 2007-2020",True,not applicable; binary reporting presence,not_applicable_aggregate_visibility,Pacific Data Hub official SDMX rows,Direct-loss presence is reporting visibility only; absence is not zero loss.,22,evidence_visibility: average-linkage seriation over pairwise shared features; no imputation
evidence_visibility,WS,Samoa,14,climate-altering-land-cover-index,Climate-altering land-cover index,reporting_presence,1.0,100.0,binary reporting presence,,"any returned row, 1992-2022",True,not applicable; binary reporting presence,not_applicable_aggregate_visibility,Pacific Data Hub official SDMX rows,"Reporting presence describes evidence visibility, not conditions.",22,evidence_visibility: average-linkage seriation over pairwise shared features; no imputation
measured_condition,PG,Papua New Guinea,1,fisheries-management-measures-in-place-and-multilateral-and-bilateral-fisheries-management-arrangements,Fisheries management measures in place and multilateral and bilateral fisheries management arrangements,adaptation_capacity,93.0,100.0,N,2026.0,latest returned indicator trace row; source years vary,True,not supplied in processed official row,5087176834d305360470c11529a68b80a17c69f64f17a0c5753df2e1b056f631,Pacific Data Hub official SDMX rows,Partial proxy only; it does not establish preparedness or adaptation readiness.,1,measured_condition: average-linkage seriation over pairwise shared features; no imputation
measured_condition,PG,Papua New Guinea,2,greenhouse-gas-emissions-per-capita,Greenhouse gas emissions per capita,responsibility_context,1.0,58.82352941176471,TON,2024.0,latest returned indicator trace row; source years vary,True,population denominator implied by per-capita indicator; size not supplied,56649be1f2b2a9b2de100fda2c5c02e868b54fcc09c8a8af177a8a0008d47506,Pacific Data Hub official SDMX rows,"Responsibility context only; it is not a blame, vulnerability, or score input.",1,measured_condition: average-linkage seriation over pairwise shared features; no imputation
measured_condition,PG,Papua New Guinea,3,mean-sea-surface-temperature-anomalies,Mean sea surface temperature anomalies,climate_signal,1.1,100.0,CELSIUS,2025.0,latest returned indicator trace row; source years vary,True,not applicable; published anomaly measure,55e2c603c3802730a07d122977c98bfafab3886d5145e09e3bc1fdbb45584dda,Pacific Data Hub official SDMX rows,"Measured latest condition; descriptive, non-causal, and comparable within indicator.",1,measured_condition: average-linkage seriation over pairwise shared features; no imputation
measured_condition,PG,Papua New Guinea,4,mean-surface-temperature-anomalies,Mean surface temperature anomalies,climate_signal,1.1,100.0,CELSIUS,2025.0,latest returned indicator trace row; source years vary,True,not applicable; published anomaly measure,647b65a6e0760a5aa98c5f78e92213016ad026363cb3b3f765acc7476061e489,Pacific Data Hub official SDMX rows,"Measured latest condition; descriptive, non-causal, and comparable within indicator.",1,measured_condition: average-linkage seriation over pairwise shared features; no imputation
measured_condition,PG,Papua New Guinea,5,meteorological-monitoring-network,Meteorological monitoring network,adaptation_capacity,6.0,86.11111111111111,N,2026.0,latest returned indicator trace row; source years vary,True,not supplied in processed official row,77188c1e3881a61e0cd5ab622660e424163730c08eadd31e923548463a8a06bb,Pacific Data Hub official SDMX rows,Partial proxy only; it does not establish preparedness or adaptation readiness.,1,measured_condition: average-linkage seriation over pairwise shared features; no imputation
measured_condition,PG,Papua New Guinea,6,number-of-directly-affected-persons-attributed-to-disasters,Number of directly affected persons attributed to disasters,observed_stress,3297.0,76.19047619047619,N,2020.0,latest returned indicator trace row; source years vary,True,not supplied in processed official row,2398b049cc22f8a529c6aa26772f009b0287680d81a1763eaab488f38f9678bb,Pacific Data Hub official SDMX rows,"Measured latest condition; descriptive, non-causal, and comparable within indicator.",1,measured_condition: average-linkage seriation over pairwise shared features; no imputation
measured_condition,PG,Papua New Guinea,7,power-generation,Power generation,adaptation_capacity,2841.7,94.44444444444444,GWH,2023.0,latest returned indicator trace row; source years vary,True,not supplied in processed official row,cf354118c40123fdc04ca372d85cfa3e7031786ae5008f39e51ad19069ad8df0,Pacific Data Hub official SDMX rows,Partial proxy only; it does not establish preparedness or adaptation readiness.,1,measured_condition: average-linkage seriation over pairwise shared features; no imputation
measured_condition,PG,Papua New Guinea,8,rainfall-anomalies,Rainfall anomalies,climate_signal,11.5,59.09090909090909,MM,2025.0,latest returned indicator trace row; source years vary,True,not applicable; published anomaly measure,4998a41fca7999d9a073cf7d42edbe48848a833c44069dc65e24e2e662d80f5c,Pacific Data Hub official SDMX rows,"Measured latest condition; descriptive, non-causal, and comparable within indicator.",1,measured_condition: average-linkage seriation over pairwise shared features; no imputation
measured_condition,PG,Papua New Guinea,9,sea-level-anomalies,Sea level anomalies,climate_signal,0.1,50.0,METER,2023.0,latest returned indicator trace row; source years vary,True,not applicable; published anomaly measure,eee0d137cf1004ebe5478668fd2a7afea47abc7c0a0d35c34cdb8d08b8462736,Pacific Data Hub official SDMX rows,"Measured latest condition; descriptive, non-causal, and comparable within indicator.",1,measured_condition: average-linkage seriation over pairwise shared features; no imputation
measured_condition,PG,Papua New Guinea,10,population-growth,Projected population growth,candidate_context,1.78,86.36363636363636,PERCENT,2025.0,latest returned candidate row; source years vary,True,prior-period population implied by the published rate,492ff9647b3417f2a732bdbdf35ef0e39ea6306f6a4cc3a0279782bc077e6201,Pacific Data Hub official SDMX rows,"Published projection/estimated rate; not observed population change, population size, or climate vulnerability.",1,measured_condition: average-linkage seriation over pairwise shared features; no imputation
measured_condition,PG,Papua New Guinea,11,renewable-energy-share-in-the-total-final-energy-consumption,Renewable energy share,candidate_context,50.78,100.0,PERCENT,2022.0,latest returned candidate row; source years vary,True,total final energy consumption,d3cbbf54c1a02c1255f056ed27cf4c1ffe7013239c3c6bd620bad9b0fe9cb280,Pacific Data Hub official SDMX rows,"The share does not measure energy access, reliability, or adaptation capacity.",1,measured_condition: average-linkage seriation over pairwise shared features; no imputation
measured_condition,PG,Papua New Guinea,12,proportion-of-population-using-safely-managed-drinking-water-services,Safely managed drinking water,candidate_context,50.24,5.263157894736842,PERCENT,2022.0,latest returned candidate row; source years vary,True,population in the represented geography,408f621df422e7e7bc5d417484f62dff0341fa383310c0c29b9936ca65e64216,Pacific Data Hub official SDMX rows,"This is essential-service context, not a climate-attribution measure.",1,measured_condition: average-linkage seriation over pairwise shared features; no imputation
measured_condition,PG,Papua New Guinea,13,climate-altering-land-cover-index,Climate-altering land-cover index,candidate_context,99.4,18.181818181818183,PERCENT,2022.0,latest returned candidate row; source years vary,True,not applicable to the published index,b3cef5a73605a7e8a55f309c0a30183ab7fdf1fb2ce18c078b6ca5b0d6fba572,Pacific Data Hub official SDMX rows,The source direction and baseline need review before narrative interpretation.,1,measured_condition: average-linkage seriation over pairwise shared features; no imputation
measured_condition,SB,Solomon Islands,1,fisheries-management-measures-in-place-and-multilateral-and-bilateral-fisheries-management-arrangements,Fisheries management measures in place and multilateral and bilateral fisheries management arrangements,adaptation_capacity,90.0,95.45454545454544,N,2026.0,latest returned indicator trace row; source years vary,True,not supplied in processed official row,74b5c6f40bf6f1da87d2cd31e507770f7bfe4cf1e5618abac98558a994b6031b,Pacific Data Hub official SDMX rows,Partial proxy only; it does not establish preparedness or adaptation readiness.,2,measured_condition: average-linkage seriation over pairwise shared features; no imputation
measured_condition,SB,Solomon Islands,2,greenhouse-gas-emissions-per-capita,Greenhouse gas emissions per capita,responsibility_context,0.8,47.05882352941176,TON,2024.0,latest returned indicator trace row; source years vary,True,population denominator implied by per-capita indicator; size not supplied,41d68bf41dfabf72942a2cb2bbbcfe33cee1d3efd3443cfa100da80fedc37c73,Pacific Data Hub official SDMX rows,"Responsibility context only; it is not a blame, vulnerability, or score input.",2,measured_condition: average-linkage seriation over pairwise shared features; no imputation
measured_condition,SB,Solomon Islands,3,mean-sea-surface-temperature-anomalies,Mean sea surface temperature anomalies,climate_signal,0.9,85.71428571428571,CELSIUS,2025.0,latest returned indicator trace row; source years vary,True,not applicable; published anomaly measure,6f5918447a2d31d628633fa297cb0ee35653fff36ba2562cf9a6d2145361d75b,Pacific Data Hub official SDMX rows,"Measured latest condition; descriptive, non-causal, and comparable within indicator.",2,measured_condition: average-linkage seriation over pairwise shared features; no imputation
measured_condition,SB,Solomon Islands,4,mean-surface-temperature-anomalies,Mean surface temperature anomalies,climate_signal,1.0,95.45454545454544,CELSIUS,2025.0,latest returned indicator trace row; source years vary,True,not applicable; published anomaly measure,d97b8c937a98a090a1bbc891a256b83f13c2730b65ffcdb0bb035fa6b11a7eab,Pacific Data Hub official SDMX rows,"Measured latest condition; descriptive, non-causal, and comparable within indicator.",2,measured_condition: average-linkage seriation over pairwise shared features; no imputation
measured_condition,SB,Solomon Islands,5,meteorological-monitoring-network,Meteorological monitoring network,adaptation_capacity,3.0,55.55555555555556,N,2026.0,latest returned indicator trace row; source years vary,True,not supplied in processed official row,05ec2ff5d9f2c4f2be71f7644985217fdeaa86220e970b56483553acba0d0869,Pacific Data Hub official SDMX rows,Partial proxy only; it does not establish preparedness or adaptation readiness.,2,measured_condition: average-linkage seriation over pairwise shared features; no imputation
measured_condition,SB,Solomon Islands,6,number-of-directly-affected-persons-attributed-to-disasters,Number of directly affected persons attributed to disasters,observed_stress,20080.0,95.23809523809524,N,2022.0,latest returned indicator trace row; source years vary,True,not supplied in processed official row,2d2b02d408747dff35e016c123dcf2801ad51ac49dec5469d0c4d2a7299a31ee,Pacific Data Hub official SDMX rows,"Measured latest condition; descriptive, non-causal, and comparable within indicator.",2,measured_condition: average-linkage seriation over pairwise shared features; no imputation
measured_condition,SB,Solomon Islands,7,power-generation,Power generation,adaptation_capacity,110.9,61.111111111111114,GWH,2023.0,latest returned indicator trace row; source years vary,True,not supplied in processed official row,00315b694f271155a60b149975771b59f9842742b80b150add2d8a0adb4f34f3,Pacific Data Hub official SDMX rows,Partial proxy only; it does not establish preparedness or adaptation readiness.,2,measured_condition: average-linkage seriation over pairwise shared features; no imputation
measured_condition,SB,Solomon Islands,8,rainfall-anomalies,Rainfall anomalies,climate_signal,6.1,36.36363636363637,MM,2025.0,latest returned indicator trace row; source years vary,True,not applicable; published anomaly measure,eefa9c5f6074d71d72986ecb9d6da8ab921d3bafa9404c9cec7732768d286aea,Pacific Data Hub official SDMX rows,"Measured latest condition; descriptive, non-causal, and comparable within indicator.",2,measured_condition: average-linkage seriation over pairwise shared features; no imputation
measured_condition,SB,Solomon Islands,9,sea-level-anomalies,Sea level anomalies,climate_signal,0.1,50.0,METER,2023.0,latest returned indicator trace row; source years vary,True,not applicable; published anomaly measure,d6a905cfdc2af085317af65e738c714ef901f03b72ff6dbb310263a74687782a,Pacific Data Hub official SDMX rows,"Measured latest condition; descriptive, non-causal, and comparable within indicator.",2,measured_condition: average-linkage seriation over pairwise shared features; no imputation
measured_condition,SB,Solomon Islands,10,population-growth,Projected population growth,candidate_context,2.39,95.45454545454545,PERCENT,2025.0,latest returned candidate row; source years vary,True,prior-period population implied by the published rate,cc1fd63e95a009071e9b57cca2fd036c475d117c1ec3de912310080f542e9050,Pacific Data Hub official SDMX rows,"Published projection/estimated rate; not observed population change, population size, or climate vulnerability.",2,measured_condition: average-linkage seriation over pairwise shared features; no imputation
measured_condition,SB,Solomon Islands,11,renewable-energy-share-in-the-total-final-energy-consumption,Renewable energy share,candidate_context,50.08,95.0,PERCENT,2022.0,latest returned candidate row; source years vary,True,total final energy consumption,c81042abcd3907472545228d670b7c8878ad0a551400a75d7a9518591bd8afe0,Pacific Data Hub official SDMX rows,"The share does not measure energy access, reliability, or adaptation capacity.",2,measured_condition: average-linkage seriation over pairwise shared features; no imputation
measured_condition,SB,Solomon Islands,12,proportion-of-population-using-safely-managed-drinking-water-services,Safely managed drinking water,candidate_context,67.45,10.526315789473683,PERCENT,2021.0,latest returned candidate row; source years vary,True,population in the represented geography,b3c6fc5f5c332ed2afea21361f37c011a92176aebf0fcc1d8518dc7f951ec81e,Pacific Data Hub official SDMX rows,"This is essential-service context, not a climate-attribution measure.",2,measured_condition: average-linkage seriation over pairwise shared features; no imputation
measured_condition,SB,Solomon Islands,13,climate-altering-land-cover-index,Climate-altering land-cover index,candidate_context,133.3,100.0,PERCENT,2022.0,latest returned candidate row; source years vary,True,not applicable to the published index,db7870f2b472e149c80ef5e70043a45f7e27b7eebcc4cddefff96e6b9fe8610c,Pacific Data Hub official SDMX rows,The source direction and baseline need review before narrative interpretation.,2,measured_condition: average-linkage seriation over pairwise shared features; no imputation
measured_condition,GU,Guam,1,fisheries-management-measures-in-place-and-multilateral-and-bilateral-fisheries-management-arrangements,Fisheries management measures in place and multilateral and bilateral fisheries management arrangements,adaptation_capacity,28.0,27.27272727272727,N,2026.0,latest returned indicator trace row; source years vary,True,not supplied in processed official row,1fb25f7a7e3d6f652c663a369c13697b32a55add9a5a7592cbb8f59e142f3878,Pacific Data Hub official SDMX rows,Partial proxy only; it does not establish preparedness or adaptation readiness.,3,measured_condition: average-linkage seriation over pairwise shared features; no imputation
measured_condition,GU,Guam,2,greenhouse-gas-emissions-per-capita,Greenhouse gas emissions per capita,responsibility_context,0.1,14.705882352941178,TON,2024.0,latest returned indicator trace row; source years vary,True,population denominator implied by per-capita indicator; size not supplied,18241e4a50d102443be223a48a8c51bf37e4a4c2b7701c381abcc3334c5b9bb2,Pacific Data Hub official SDMX rows,"Responsibility context only; it is not a blame, vulnerability, or score input.",3,measured_condition: average-linkage seriation over pairwise shared features; no imputation
measured_condition,GU,Guam,3,mean-sea-surface-temperature-anomalies,Mean sea surface temperature anomalies,climate_signal,0.9,85.71428571428571,CELSIUS,2025.0,latest returned indicator trace row; source years vary,True,not applicable; published anomaly measure,23cc832c891bfc0e642a1e74cf2c1e353ea14f99876c3c7a8da2abcce09281ae,Pacific Data Hub official SDMX rows,"Measured latest condition; descriptive, non-causal, and comparable within indicator.",3,measured_condition: average-linkage seriation over pairwise shared features; no imputation
measured_condition,GU,Guam,4,mean-surface-temperature-anomalies,Mean surface temperature anomalies,climate_signal,0.9,81.81818181818183,CELSIUS,2025.0,latest returned indicator trace row; source years vary,True,not applicable; published anomaly measure,2b5415df3de350a98eb9d126bbd9f8a72090a18cb390524a5190248a00ac7d45,Pacific Data Hub official SDMX rows,"Measured latest condition; descriptive, non-causal, and comparable within indicator.",3,measured_condition: average-linkage seriation over pairwise shared features; no imputation
measured_condition,GU,Guam,5,meteorological-monitoring-network,Meteorological monitoring network,adaptation_capacity,,,N,,latest returned indicator trace row; source years vary,False,not supplied in processed official row,,Pacific Data Hub official SDMX rows,Partial proxy only; it does not establish preparedness or adaptation readiness.,3,measured_condition: average-linkage seriation over pairwise shared features; no imputation
measured_condition,GU,Guam,6,number-of-directly-affected-persons-attributed-to-disasters,Number of directly affected persons attributed to disasters,observed_stress,0.0,19.047619047619047,N,2015.0,latest returned indicator trace row; source years vary,True,not supplied in processed official row,167b7a812542648b154b8e909867020836c94820754e9300ec7a945b3fa72b89,Pacific Data Hub official SDMX rows,"Measured latest condition; descriptive, non-causal, and comparable within indicator.",3,measured_condition: average-linkage seriation over pairwise shared features; no imputation
measured_condition,GU,Guam,7,power-generation,Power generation,adaptation_capacity,1629.8,88.88888888888889,GWH,2023.0,latest returned indicator trace row; source years vary,True,not supplied in processed official row,917a379d8998e17a2dc218b97feacfcae00fa4f7a15d7e4100392a3da2d9e41a,Pacific Data Hub official SDMX rows,Partial proxy only; it does not establish preparedness or adaptation readiness.,3,measured_condition: average-linkage seriation over pairwise shared features; no imputation
measured_condition,GU,Guam,8,rainfall-anomalies,Rainfall anomalies,climate_signal,-3.1,13.636363636363637,MM,2025.0,latest returned indicator trace row; source years vary,True,not applicable; published anomaly measure,b2bd9513f23dfd4f7b7d8478425b30c48d9d1c0644ec794c39c29c9af5ed5d5a,Pacific Data Hub official SDMX rows,"Measured latest condition; descriptive, non-causal, and comparable within indicator.",3,measured_condition: average-linkage seriation over pairwise shared features; no imputation
measured_condition,GU,Guam,9,sea-level-anomalies,Sea level anomalies,climate_signal,0.1,50.0,METER,2023.0,latest returned indicator trace row; source years vary,True,not applicable; published anomaly measure,8425e9b0276f951e59dab12932cb114efb3bfbba752d9d6be8ed8c3e6f103cd7,Pacific Data Hub official SDMX rows,"Measured latest condition; descriptive, non-causal, and comparable within indicator.",3,measured_condition: average-linkage seriation over pairwise shared features; no imputation
measured_condition,GU,Guam,10,population-growth,Projected population growth,candidate_context,0.74,72.72727272727273,PERCENT,2025.0,latest returned candidate row; source years vary,True,prior-period population implied by the published rate,a2f2ba29a9b041726d993c01a6fd1c084b039347bedf144cca115e1e00a4fed1,Pacific Data Hub official SDMX rows,"Published projection/estimated rate; not observed population change, population size, or climate vulnerability.",3,measured_condition: average-linkage seriation over pairwise shared features; no imputation
measured_condition,GU,Guam,11,renewable-energy-share-in-the-total-final-energy-consumption,Renewable energy share,candidate_context,6.52,50.0,PERCENT,2022.0,latest returned candidate row; source years vary,True,total final energy consumption,a06ecda5e3370a012ef52f0f78bda2033117d4fa885edd5d686ff066edb62b7d,Pacific Data Hub official SDMX rows,"The share does not measure energy access, reliability, or adaptation capacity.",3,measured_condition: average-linkage seriation over pairwise shared features; no imputation
measured_condition,GU,Guam,12,proportion-of-population-using-safely-managed-drinking-water-services,Safely managed drinking water,candidate_context,,,PERCENT,,latest returned candidate row; source years vary,False,population in the represented geography,,Pacific Data Hub official SDMX rows,"This is essential-service context, not a climate-attribution measure.",3,measured_condition: average-linkage seriation over pairwise shared features; no imputation
measured_condition,GU,Guam,13,climate-altering-land-cover-index,Climate-altering land-cover index,candidate_context,112.2,90.9090909090909,PERCENT,2022.0,latest returned candidate row; source years vary,True,not applicable to the published index,5b54d9c2d3da0983958af24adde24cbf7561178817900d8ba9cc2d90d950f90b,Pacific Data Hub official SDMX rows,The source direction and baseline need review before narrative interpretation.,3,measured_condition: average-linkage seriation over pairwise shared features; no imputation
measured_condition,NC,New Caledonia,1,fisheries-management-measures-in-place-and-multilateral-and-bilateral-fisheries-management-arrangements,Fisheries management measures in place and multilateral and bilateral fisheries management arrangements,adaptation_capacity,38.0,45.45454545454545,N,2026.0,latest returned indicator trace row; source years vary,True,not supplied in processed official row,bb3e871206939ce70657817a525229ce05ffc4e788cfc78e9df5a1b042201cfc,Pacific Data Hub official SDMX rows,Partial proxy only; it does not establish preparedness or adaptation readiness.,4,measured_condition: average-linkage seriation over pairwise shared features; no imputation
measured_condition,NC,New Caledonia,2,greenhouse-gas-emissions-per-capita,Greenhouse gas emissions per capita,responsibility_context,18.4,94.11764705882352,TON,2024.0,latest returned indicator trace row; source years vary,True,population denominator implied by per-capita indicator; size not supplied,6c3de4d5998728a0341493ad035a27de921a43ae5bb4b83c3b77edfd36188e94,Pacific Data Hub official SDMX rows,"Responsibility context only; it is not a blame, vulnerability, or score input.",4,measured_condition: average-linkage seriation over pairwise shared features; no imputation
measured_condition,NC,New Caledonia,3,mean-sea-surface-temperature-anomalies,Mean sea surface temperature anomalies,climate_signal,0.8,69.04761904761905,CELSIUS,2025.0,latest returned indicator trace row; source years vary,True,not applicable; published anomaly measure,dc7060e67dacbab9f353e1f8d6fd7a9166d197104f062e48701d3e66500345dc,Pacific Data Hub official SDMX rows,"Measured latest condition; descriptive, non-causal, and comparable within indicator.",4,measured_condition: average-linkage seriation over pairwise shared features; no imputation
measured_condition,NC,New Caledonia,4,mean-surface-temperature-anomalies,Mean surface temperature anomalies,climate_signal,0.7,65.9090909090909,CELSIUS,2025.0,latest returned indicator trace row; source years vary,True,not applicable; published anomaly measure,b1bc0c1ec1a3db09d9ed18fd075c1fcd88bc88049f902643a4ed09efad53a664,Pacific Data Hub official SDMX rows,"Measured latest condition; descriptive, non-causal, and comparable within indicator.",4,measured_condition: average-linkage seriation over pairwise shared features; no imputation
measured_condition,NC,New Caledonia,5,meteorological-monitoring-network,Meteorological monitoring network,adaptation_capacity,4.0,72.22222222222221,N,2026.0,latest returned indicator trace row; source years vary,True,not supplied in processed official row,5ce8932d61975e76e6a1b4d7fa3b3aa232a8a190c81094d916cebb2876ef90b1,Pacific Data Hub official SDMX rows,Partial proxy only; it does not establish preparedness or adaptation readiness.,4,measured_condition: average-linkage seriation over pairwise shared features; no imputation
measured_condition,NC,New Caledonia,6,number-of-directly-affected-persons-attributed-to-disasters,Number of directly affected persons attributed to disasters,observed_stress,2.0,38.095238095238095,N,2020.0,latest returned indicator trace row; source years vary,True,not supplied in processed official row,c237de3c5a04388b0afef3246050bc863a13f2b32ae3528f687b89799819d29f,Pacific Data Hub official SDMX rows,"Measured latest condition; descriptive, non-causal, and comparable within indicator.",4,measured_condition: average-linkage seriation over pairwise shared features; no imputation
measured_condition,NC,New Caledonia,7,power-generation,Power generation,adaptation_capacity,3348.5,100.0,GWH,2023.0,latest returned indicator trace row; source years vary,True,not supplied in processed official row,83e61302730aebc81c587a54be20aa32684cc699a6e953655ec14d4b72bc6737,Pacific Data Hub official SDMX rows,Partial proxy only; it does not establish preparedness or adaptation readiness.,4,measured_condition: average-linkage seriation over pairwise shared features; no imputation
measured_condition,NC,New Caledonia,8,rainfall-anomalies,Rainfall anomalies,climate_signal,-6.6,40.909090909090914,MM,2025.0,latest returned indicator trace row; source years vary,True,not applicable; published anomaly measure,2bda5bbdf6b2d84085e60467886821eee5195589a3d155e95c2bd08ca420596d,Pacific Data Hub official SDMX rows,"Measured latest condition; descriptive, non-causal, and comparable within indicator.",4,measured_condition: average-linkage seriation over pairwise shared features; no imputation
measured_condition,NC,New Caledonia,9,sea-level-anomalies,Sea level anomalies,climate_signal,0.1,50.0,METER,2023.0,latest returned indicator trace row; source years vary,True,not applicable; published anomaly measure,6c9785108379376bf6879e3aa59f5892e505670db723e318727f079afc5a22d6,Pacific Data Hub official SDMX rows,"Measured latest condition; descriptive, non-causal, and comparable within indicator.",4,measured_condition: average-linkage seriation over pairwise shared features; no imputation
measured_condition,NC,New Caledonia,10,population-growth,Projected population growth,candidate_context,0.94,77.27272727272727,PERCENT,2025.0,latest returned candidate row; source years vary,True,prior-period population implied by the published rate,2fe403e88273f3073815100ff686d0ca5def3ed90c787ca086aeb9bbfcf6187a,Pacific Data Hub official SDMX rows,"Published projection/estimated rate; not observed population change, population size, or climate vulnerability.",4,measured_condition: average-linkage seriation over pairwise shared features; no imputation
measured_condition,NC,New Caledonia,11,renewable-energy-share-in-the-total-final-energy-consumption,Renewable energy share,candidate_context,9.6,65.0,PERCENT,2022.0,latest returned candidate row; source years vary,True,total final energy consumption,07da972a7890c2baa57b4ee65bc716a756fd35ed609b5b0da85e5786bd515766,Pacific Data Hub official SDMX rows,"The share does not measure energy access, reliability, or adaptation capacity.",4,measured_condition: average-linkage seriation over pairwise shared features; no imputation
measured_condition,NC,New Caledonia,12,proportion-of-population-using-safely-managed-drinking-water-services,Safely managed drinking water,candidate_context,96.87,63.1578947368421,PERCENT,2022.0,latest returned candidate row; source years vary,True,population in the represented geography,3da8641eda0931bf4d8358ad002382670c3d9aa23df45c435e7dc86236eca925,Pacific Data Hub official SDMX rows,"This is essential-service context, not a climate-attribution measure.",4,measured_condition: average-linkage seriation over pairwise shared features; no imputation
measured_condition,NC,New Caledonia,13,climate-altering-land-cover-index,Climate-altering land-cover index,candidate_context,102.9,77.27272727272727,PERCENT,2022.0,latest returned candidate row; source years vary,True,not applicable to the published index,1e88fd3048123a8d152938320031cdc665a049e99578fc134c8e698ec53bb60b,Pacific Data Hub official SDMX rows,The source direction and baseline need review before narrative interpretation.,4,measured_condition: average-linkage seriation over pairwise shared features; no imputation
measured_condition,FJ,Fiji,1,fisheries-management-measures-in-place-and-multilateral-and-bilateral-fisheries-management-arrangements,Fisheries management measures in place and multilateral and bilateral fisheries management arrangements,adaptation_capacity,68.0,75.0,N,2026.0,latest returned indicator trace row; source years vary,True,not supplied in processed official row,48a8093b74632cd524e90d81746b73525fbc70aec6ac634dd3d1f1e040858cab,Pacific Data Hub official SDMX rows,Partial proxy only; it does not establish preparedness or adaptation readiness.,5,measured_condition: average-linkage seriation over pairwise shared features; no imputation
measured_condition,FJ,Fiji,2,greenhouse-gas-emissions-per-capita,Greenhouse gas emissions per capita,responsibility_context,3.0,82.35294117647058,TON,2024.0,latest returned indicator trace row; source years vary,True,population denominator implied by per-capita indicator; size not supplied,15f4a43a80088995f6d5b44a20bf1df78ab71dd7f1af6be537e379d8ad3cfc96,Pacific Data Hub official SDMX rows,"Responsibility context only; it is not a blame, vulnerability, or score input.",5,measured_condition: average-linkage seriation over pairwise shared features; no imputation
measured_condition,FJ,Fiji,3,mean-sea-surface-temperature-anomalies,Mean sea surface temperature anomalies,climate_signal,0.7,61.904761904761905,CELSIUS,2025.0,latest returned indicator trace row; source years vary,True,not applicable; published anomaly measure,90aa305cbc314e9bd969dcaefce41ba74ccced151f6d9789c286ce4952157760,Pacific Data Hub official SDMX rows,"Measured latest condition; descriptive, non-causal, and comparable within indicator.",5,measured_condition: average-linkage seriation over pairwise shared features; no imputation
measured_condition,FJ,Fiji,4,mean-surface-temperature-anomalies,Mean surface temperature anomalies,climate_signal,0.7,65.9090909090909,CELSIUS,2025.0,latest returned indicator trace row; source years vary,True,not applicable; published anomaly measure,1fedc8e26e1ff84f1a4074cf462aec8b566950b329c350b913d92162f7fa6b70,Pacific Data Hub official SDMX rows,"Measured latest condition; descriptive, non-causal, and comparable within indicator.",5,measured_condition: average-linkage seriation over pairwise shared features; no imputation
measured_condition,FJ,Fiji,5,meteorological-monitoring-network,Meteorological monitoring network,adaptation_capacity,8.0,100.0,N,2026.0,latest returned indicator trace row; source years vary,True,not supplied in processed official row,f901203333cc9f8f197eb4e71644e24be30843c37747d3cfe09aaa3b663eaec4,Pacific Data Hub official SDMX rows,Partial proxy only; it does not establish preparedness or adaptation readiness.,5,measured_condition: average-linkage seriation over pairwise shared features; no imputation
measured_condition,FJ,Fiji,6,number-of-directly-affected-persons-attributed-to-disasters,Number of directly affected persons attributed to disasters,observed_stress,1787.0,71.42857142857143,N,2022.0,latest returned indicator trace row; source years vary,True,not supplied in processed official row,73bfe84a1624ff38a963c9e0aaaecfb813580cf133f2dcad4cc464458adfa14a,Pacific Data Hub official SDMX rows,"Measured latest condition; descriptive, non-causal, and comparable within indicator.",5,measured_condition: average-linkage seriation over pairwise shared features; no imputation
measured_condition,FJ,Fiji,7,power-generation,Power generation,adaptation_capacity,1284.5,83.33333333333334,GWH,2023.0,latest returned indicator trace row; source years vary,True,not supplied in processed official row,b33cf910be1ab698e8477e6161b44a2625d901ba22951cc21e1beacf9d5a92a3,Pacific Data Hub official SDMX rows,Partial proxy only; it does not establish preparedness or adaptation readiness.,5,measured_condition: average-linkage seriation over pairwise shared features; no imputation
measured_condition,FJ,Fiji,8,rainfall-anomalies,Rainfall anomalies,climate_signal,1.3,9.090909090909092,MM,2025.0,latest returned indicator trace row; source years vary,True,not applicable; published anomaly measure,ac8519c8a3f192d98bf89c94452be5e948f1b0ba71f759527223f8c87ca584ac,Pacific Data Hub official SDMX rows,"Measured latest condition; descriptive, non-causal, and comparable within indicator.",5,measured_condition: average-linkage seriation over pairwise shared features; no imputation
measured_condition,FJ,Fiji,9,sea-level-anomalies,Sea level anomalies,climate_signal,0.1,50.0,METER,2023.0,latest returned indicator trace row; source years vary,True,not applicable; published anomaly measure,4c769ee40099a7f9c6814c73a86a3b6472675e516bbd5013ad50fe2e030b864a,Pacific Data Hub official SDMX rows,"Measured latest condition; descriptive, non-causal, and comparable within indicator.",5,measured_condition: average-linkage seriation over pairwise shared features; no imputation
measured_condition,FJ,Fiji,10,population-growth,Projected population growth,candidate_context,0.48,59.09090909090909,PERCENT,2025.0,latest returned candidate row; source years vary,True,prior-period population implied by the published rate,9dcaf5a8940c38bd1b9c9f9146ac77d0ae25115ea3cdb64b67c462658237d2c8,Pacific Data Hub official SDMX rows,"Published projection/estimated rate; not observed population change, population size, or climate vulnerability.",5,measured_condition: average-linkage seriation over pairwise shared features; no imputation
measured_condition,FJ,Fiji,11,renewable-energy-share-in-the-total-final-energy-consumption,Renewable energy share,candidate_context,26.67,75.0,PERCENT,2022.0,latest returned candidate row; source years vary,True,total final energy consumption,25d04b07c9ede6e17d4f69b8654ec52bc596d35af39089e24169078b8fcbcfbd,Pacific Data Hub official SDMX rows,"The share does not measure energy access, reliability, or adaptation capacity.",5,measured_condition: average-linkage seriation over pairwise shared features; no imputation
measured_condition,FJ,Fiji,12,proportion-of-population-using-safely-managed-drinking-water-services,Safely managed drinking water,candidate_context,95.49,57.89473684210527,PERCENT,2022.0,latest returned candidate row; source years vary,True,population in the represented geography,fb208f62a459ce31a84edb69dca951d4a84fb4b7b9a8044aca8e3dff169ff4c2,Pacific Data Hub official SDMX rows,"This is essential-service context, not a climate-attribution measure.",5,measured_condition: average-linkage seriation over pairwise shared features; no imputation
measured_condition,FJ,Fiji,13,climate-altering-land-cover-index,Climate-altering land-cover index,candidate_context,116.3,95.45454545454545,PERCENT,2022.0,latest returned candidate row; source years vary,True,not applicable to the published index,2129e5a505de6135d3a762c1abf34a103ef963c543ba70628f2493b31244158f,Pacific Data Hub official SDMX rows,The source direction and baseline need review before narrative interpretation.,5,measured_condition: average-linkage seriation over pairwise shared features; no imputation
measured_condition,VU,Vanuatu,1,fisheries-management-measures-in-place-and-multilateral-and-bilateral-fisheries-management-arrangements,Fisheries management measures in place and multilateral and bilateral fisheries management arrangements,adaptation_capacity,68.0,75.0,N,2026.0,latest returned indicator trace row; source years vary,True,not supplied in processed official row,f603b48f4a2c048e84cc8df533b2c7992f8b91dc236f476154c46d4758262f5b,Pacific Data Hub official SDMX rows,Partial proxy only; it does not establish preparedness or adaptation readiness.,6,measured_condition: average-linkage seriation over pairwise shared features; no imputation
measured_condition,VU,Vanuatu,2,greenhouse-gas-emissions-per-capita,Greenhouse gas emissions per capita,responsibility_context,1.9,64.70588235294117,TON,2024.0,latest returned indicator trace row; source years vary,True,population denominator implied by per-capita indicator; size not supplied,7c860c2539cacb292219f8bd0d61cba6de0f8884ffcca3f109240f69ff6cd4a8,Pacific Data Hub official SDMX rows,"Responsibility context only; it is not a blame, vulnerability, or score input.",6,measured_condition: average-linkage seriation over pairwise shared features; no imputation
measured_condition,VU,Vanuatu,3,mean-sea-surface-temperature-anomalies,Mean sea surface temperature anomalies,climate_signal,0.8,69.04761904761905,CELSIUS,2025.0,latest returned indicator trace row; source years vary,True,not applicable; published anomaly measure,6ba234497f9ad3dd205fb645cb3141b2a8bdbb6b3dc67c8e485193a212724abf,Pacific Data Hub official SDMX rows,"Measured latest condition; descriptive, non-causal, and comparable within indicator.",6,measured_condition: average-linkage seriation over pairwise shared features; no imputation
measured_condition,VU,Vanuatu,4,mean-surface-temperature-anomalies,Mean surface temperature anomalies,climate_signal,0.9,81.81818181818183,CELSIUS,2025.0,latest returned indicator trace row; source years vary,True,not applicable; published anomaly measure,c7b5795b8cac3d2fc2103d76f04ecf48116f45a05af9663611b04dbd3d5de199,Pacific Data Hub official SDMX rows,"Measured latest condition; descriptive, non-causal, and comparable within indicator.",6,measured_condition: average-linkage seriation over pairwise shared features; no imputation
measured_condition,VU,Vanuatu,5,meteorological-monitoring-network,Meteorological monitoring network,adaptation_capacity,6.0,86.11111111111111,N,2026.0,latest returned indicator trace row; source years vary,True,not supplied in processed official row,740359181db762f9efe736e12b5c4b3b3a4dc1a7172844843b3b6ab7ee7222a6,Pacific Data Hub official SDMX rows,Partial proxy only; it does not establish preparedness or adaptation readiness.,6,measured_condition: average-linkage seriation over pairwise shared features; no imputation
measured_condition,VU,Vanuatu,6,number-of-directly-affected-persons-attributed-to-disasters,Number of directly affected persons attributed to disasters,observed_stress,1400.0,66.66666666666666,N,2021.0,latest returned indicator trace row; source years vary,True,not supplied in processed official row,c1727288f0a21a5acb56fdd41dd44fb84a86a7fb8aced58893a5a6cd56dbbb52,Pacific Data Hub official SDMX rows,"Measured latest condition; descriptive, non-causal, and comparable within indicator.",6,measured_condition: average-linkage seriation over pairwise shared features; no imputation
measured_condition,VU,Vanuatu,7,power-generation,Power generation,adaptation_capacity,83.2,50.0,GWH,2023.0,latest returned indicator trace row; source years vary,True,not supplied in processed official row,cd94ac9b0b60d35b99ad913f66adbb52b589aa2cf0fdfa223b357ba38ff5d1c6,Pacific Data Hub official SDMX rows,Partial proxy only; it does not establish preparedness or adaptation readiness.,6,measured_condition: average-linkage seriation over pairwise shared features; no imputation
measured_condition,VU,Vanuatu,8,rainfall-anomalies,Rainfall anomalies,climate_signal,-0.3,4.545454545454546,MM,2025.0,latest returned indicator trace row; source years vary,True,not applicable; published anomaly measure,57b49b1600c7bebc4065a22e51b8d4bec8a0c854f494752a9cb661d26aa9aeee,Pacific Data Hub official SDMX rows,"Measured latest condition; descriptive, non-causal, and comparable within indicator.",6,measured_condition: average-linkage seriation over pairwise shared features; no imputation
measured_condition,VU,Vanuatu,9,sea-level-anomalies,Sea level anomalies,climate_signal,0.2,100.0,METER,2023.0,latest returned indicator trace row; source years vary,True,not applicable; published anomaly measure,3bf1c4d33a54bf29f51031005c12c154655714056dae1932cba5a2add13983cd,Pacific Data Hub official SDMX rows,"Measured latest condition; descriptive, non-causal, and comparable within indicator.",6,measured_condition: average-linkage seriation over pairwise shared features; no imputation
measured_condition,VU,Vanuatu,10,population-growth,Projected population growth,candidate_context,2.28,90.9090909090909,PERCENT,2025.0,latest returned candidate row; source years vary,True,prior-period population implied by the published rate,94b233fbce3ef58195b5d3ad21c71f194b7569e35f15db390f890d313feabe8a,Pacific Data Hub official SDMX rows,"Published projection/estimated rate; not observed population change, population size, or climate vulnerability.",6,measured_condition: average-linkage seriation over pairwise shared features; no imputation
measured_condition,VU,Vanuatu,11,renewable-energy-share-in-the-total-final-energy-consumption,Renewable energy share,candidate_context,27.56,80.0,PERCENT,2022.0,latest returned candidate row; source years vary,True,total final energy consumption,2855ee7a457e1cd8b66881bb3373d129b4062e3cdd4a7b272dc30df55b38df38,Pacific Data Hub official SDMX rows,"The share does not measure energy access, reliability, or adaptation capacity.",6,measured_condition: average-linkage seriation over pairwise shared features; no imputation
measured_condition,VU,Vanuatu,12,proportion-of-population-using-safely-managed-drinking-water-services,Safely managed drinking water,candidate_context,91.34,52.63157894736842,PERCENT,2022.0,latest returned candidate row; source years vary,True,population in the represented geography,12c7200294385dd75fce3c490e28f9246c91176ab79b797c515b4b2ecaf906dc,Pacific Data Hub official SDMX rows,"This is essential-service context, not a climate-attribution measure.",6,measured_condition: average-linkage seriation over pairwise shared features; no imputation
measured_condition,VU,Vanuatu,13,climate-altering-land-cover-index,Climate-altering land-cover index,candidate_context,104.7,81.81818181818183,PERCENT,2022.0,latest returned candidate row; source years vary,True,not applicable to the published index,429b70c7a9e5aa84dc2b202e88773fa6be1c5535dc0b689aa35545100c8cc420,Pacific Data Hub official SDMX rows,The source direction and baseline need review before narrative interpretation.,6,measured_condition: average-linkage seriation over pairwise shared features; no imputation
measured_condition,FM,Micronesia (Federated States of),1,fisheries-management-measures-in-place-and-multilateral-and-bilateral-fisheries-management-arrangements,Fisheries management measures in place and multilateral and bilateral fisheries management arrangements,adaptation_capacity,73.0,86.36363636363636,N,2026.0,latest returned indicator trace row; source years vary,True,not supplied in processed official row,d3ea94750471841f9f31696d31dad982bf184a61b58d2b3ef3731452083963f3,Pacific Data Hub official SDMX rows,Partial proxy only; it does not establish preparedness or adaptation readiness.,7,measured_condition: average-linkage seriation over pairwise shared features; no imputation
measured_condition,FM,Micronesia (Federated States of),2,greenhouse-gas-emissions-per-capita,Greenhouse gas emissions per capita,responsibility_context,0.5,41.17647058823529,TON,2024.0,latest returned indicator trace row; source years vary,True,population denominator implied by per-capita indicator; size not supplied,55f365f47dfd7209a1929dc2e62260890228a9b12e83ad58cba352f6bb664476,Pacific Data Hub official SDMX rows,"Responsibility context only; it is not a blame, vulnerability, or score input.",7,measured_condition: average-linkage seriation over pairwise shared features; no imputation
measured_condition,FM,Micronesia (Federated States of),3,mean-sea-surface-temperature-anomalies,Mean sea surface temperature anomalies,climate_signal,0.9,85.71428571428571,CELSIUS,2025.0,latest returned indicator trace row; source years vary,True,not applicable; published anomaly measure,922e23391ff8d84567b36c4bc2a8f33e8967395504bd2697b7bf83c7a31e37ad,Pacific Data Hub official SDMX rows,"Measured latest condition; descriptive, non-causal, and comparable within indicator.",7,measured_condition: average-linkage seriation over pairwise shared features; no imputation
measured_condition,FM,Micronesia (Federated States of),4,mean-surface-temperature-anomalies,Mean surface temperature anomalies,climate_signal,0.9,81.81818181818183,CELSIUS,2025.0,latest returned indicator trace row; source years vary,True,not applicable; published anomaly measure,2a2f6a843751768b3747a6876cc7f0fd57cf0903cbe253eb58f7b14c8bd5cc8a,Pacific Data Hub official SDMX rows,"Measured latest condition; descriptive, non-causal, and comparable within indicator.",7,measured_condition: average-linkage seriation over pairwise shared features; no imputation
measured_condition,FM,Micronesia (Federated States of),5,meteorological-monitoring-network,Meteorological monitoring network,adaptation_capacity,3.0,55.55555555555556,N,2026.0,latest returned indicator trace row; source years vary,True,not supplied in processed official row,61fb077d33ccb265dc5cf08f3eba5603b42358fdfd589dd0026faac7e0caa0c4,Pacific Data Hub official SDMX rows,Partial proxy only; it does not establish preparedness or adaptation readiness.,7,measured_condition: average-linkage seriation over pairwise shared features; no imputation
measured_condition,FM,Micronesia (Federated States of),6,number-of-directly-affected-persons-attributed-to-disasters,Number of directly affected persons attributed to disasters,observed_stress,15010.0,90.47619047619048,N,2021.0,latest returned indicator trace row; source years vary,True,not supplied in processed official row,049d54cc538066846eefbb45b42a7978e35a115c5fe45741c10a083953377522,Pacific Data Hub official SDMX rows,"Measured latest condition; descriptive, non-causal, and comparable within indicator.",7,measured_condition: average-linkage seriation over pairwise shared features; no imputation
measured_condition,FM,Micronesia (Federated States of),7,power-generation,Power generation,adaptation_capacity,90.3,55.55555555555556,GWH,2023.0,latest returned indicator trace row; source years vary,True,not supplied in processed official row,78b17d29ce5979f050ca288dc2685a6e7377d1c37555288a24a94996cce7222c,Pacific Data Hub official SDMX rows,Partial proxy only; it does not establish preparedness or adaptation readiness.,7,measured_condition: average-linkage seriation over pairwise shared features; no imputation
measured_condition,FM,Micronesia (Federated States of),8,rainfall-anomalies,Rainfall anomalies,climate_signal,5.7,31.818181818181817,MM,2025.0,latest returned indicator trace row; source years vary,True,not applicable; published anomaly measure,95535eec42bf26b82db221c46a973db8452674edab2ae67715e3dd4860c118ea,Pacific Data Hub official SDMX rows,"Measured latest condition; descriptive, non-causal, and comparable within indicator.",7,measured_condition: average-linkage seriation over pairwise shared features; no imputation
measured_condition,FM,Micronesia (Federated States of),9,sea-level-anomalies,Sea level anomalies,climate_signal,0.1,50.0,METER,2023.0,latest returned indicator trace row; source years vary,True,not applicable; published anomaly measure,7620e4a101f3640e31af1d07113272039b656e3e0ce4a8fe056f017536c3ca82,Pacific Data Hub official SDMX rows,"Measured latest condition; descriptive, non-causal, and comparable within indicator.",7,measured_condition: average-linkage seriation over pairwise shared features; no imputation
measured_condition,FM,Micronesia (Federated States of),10,population-growth,Projected population growth,candidate_context,0.47,54.54545454545454,PERCENT,2025.0,latest returned candidate row; source years vary,True,prior-period population implied by the published rate,d729195150f307bc0d5683a1100ffb650249178a7de64d02a2d32c0678ef5a94,Pacific Data Hub official SDMX rows,"Published projection/estimated rate; not observed population change, population size, or climate vulnerability.",7,measured_condition: average-linkage seriation over pairwise shared features; no imputation
measured_condition,FM,Micronesia (Federated States of),11,renewable-energy-share-in-the-total-final-energy-consumption,Renewable energy share,candidate_context,2.05,25.0,PERCENT,2022.0,latest returned candidate row; source years vary,True,total final energy consumption,943a4d2bfdb027c425a80c18ecb5b8a478a17ef5d86cb9aebaa925c9cd5dc195,Pacific Data Hub official SDMX rows,"The share does not measure energy access, reliability, or adaptation capacity.",7,measured_condition: average-linkage seriation over pairwise shared features; no imputation
measured_condition,FM,Micronesia (Federated States of),12,proportion-of-population-using-safely-managed-drinking-water-services,Safely managed drinking water,candidate_context,90.11,42.10526315789473,PERCENT,2020.0,latest returned candidate row; source years vary,True,population in the represented geography,4ced23627c61babcf0d5ca27acdd54d99d3a1ea1db41f163a7be74f8993184a2,Pacific Data Hub official SDMX rows,"This is essential-service context, not a climate-attribution measure.",7,measured_condition: average-linkage seriation over pairwise shared features; no imputation
measured_condition,FM,Micronesia (Federated States of),13,climate-altering-land-cover-index,Climate-altering land-cover index,candidate_context,100.0,47.72727272727273,PERCENT,2022.0,latest returned candidate row; source years vary,True,not applicable to the published index,8a483951908e8f00517d2c225874162160bcb67ce43b46f7d7ac6df8e207277d,Pacific Data Hub official SDMX rows,The source direction and baseline need review before narrative interpretation.,7,measured_condition: average-linkage seriation over pairwise shared features; no imputation
measured_condition,PW,Palau,1,fisheries-management-measures-in-place-and-multilateral-and-bilateral-fisheries-management-arrangements,Fisheries management measures in place and multilateral and bilateral fisheries management arrangements,adaptation_capacity,63.0,61.36363636363637,N,2026.0,latest returned indicator trace row; source years vary,True,not supplied in processed official row,7e313806f7bfa23360b3f9726045d744a894eb9f37f9453152939c312eb56bea,Pacific Data Hub official SDMX rows,Partial proxy only; it does not establish preparedness or adaptation readiness.,8,measured_condition: average-linkage seriation over pairwise shared features; no imputation
measured_condition,PW,Palau,2,greenhouse-gas-emissions-per-capita,Greenhouse gas emissions per capita,responsibility_context,86.7,100.0,TON,2024.0,latest returned indicator trace row; source years vary,True,population denominator implied by per-capita indicator; size not supplied,2a77e6a02e25e694c6325b46e3d23db774d432e9a6ca16045232ae54e9c72203,Pacific Data Hub official SDMX rows,"Responsibility context only; it is not a blame, vulnerability, or score input.",8,measured_condition: average-linkage seriation over pairwise shared features; no imputation
measured_condition,PW,Palau,3,mean-sea-surface-temperature-anomalies,Mean sea surface temperature anomalies,climate_signal,0.9,85.71428571428571,CELSIUS,2025.0,latest returned indicator trace row; source years vary,True,not applicable; published anomaly measure,caf6d0c1bdc7b51b493b50b0c5a134211613222ea7a3342d75860f59cae3ae89,Pacific Data Hub official SDMX rows,"Measured latest condition; descriptive, non-causal, and comparable within indicator.",8,measured_condition: average-linkage seriation over pairwise shared features; no imputation
measured_condition,PW,Palau,4,mean-surface-temperature-anomalies,Mean surface temperature anomalies,climate_signal,0.9,81.81818181818183,CELSIUS,2025.0,latest returned indicator trace row; source years vary,True,not applicable; published anomaly measure,69fd54f14e14b420123ff4f855ab0a5591a60694cd9288680b8e637a560fc40a,Pacific Data Hub official SDMX rows,"Measured latest condition; descriptive, non-causal, and comparable within indicator.",8,measured_condition: average-linkage seriation over pairwise shared features; no imputation
measured_condition,PW,Palau,5,meteorological-monitoring-network,Meteorological monitoring network,adaptation_capacity,1.0,25.0,N,2026.0,latest returned indicator trace row; source years vary,True,not supplied in processed official row,3570c6d2dc88208609235a2053e219595648521bc0c919a1f8442575ed6a5afe,Pacific Data Hub official SDMX rows,Partial proxy only; it does not establish preparedness or adaptation readiness.,8,measured_condition: average-linkage seriation over pairwise shared features; no imputation
measured_condition,PW,Palau,6,number-of-directly-affected-persons-attributed-to-disasters,Number of directly affected persons attributed to disasters,observed_stress,780.0,61.904761904761905,N,2022.0,latest returned indicator trace row; source years vary,True,not supplied in processed official row,ab64a52cebf88a5c91a9756d9889e4a4aa621ca5aac9048c86397aafcb8177b2,Pacific Data Hub official SDMX rows,"Measured latest condition; descriptive, non-causal, and comparable within indicator.",8,measured_condition: average-linkage seriation over pairwise shared features; no imputation
measured_condition,PW,Palau,7,power-generation,Power generation,adaptation_capacity,118.6,66.66666666666666,GWH,2023.0,latest returned indicator trace row; source years vary,True,not supplied in processed official row,a4d99bc77dea5a0da432b719191a00c74960b97c4caeb6f9f9bf40b876fc1e72,Pacific Data Hub official SDMX rows,Partial proxy only; it does not establish preparedness or adaptation readiness.,8,measured_condition: average-linkage seriation over pairwise shared features; no imputation
measured_condition,PW,Palau,8,rainfall-anomalies,Rainfall anomalies,climate_signal,9.7,54.54545454545454,MM,2025.0,latest returned indicator trace row; source years vary,True,not applicable; published anomaly measure,e46e881ee908e0848243747aa315b68e260bc79250327690e84c704fb09c0f80,Pacific Data Hub official SDMX rows,"Measured latest condition; descriptive, non-causal, and comparable within indicator.",8,measured_condition: average-linkage seriation over pairwise shared features; no imputation
measured_condition,PW,Palau,9,sea-level-anomalies,Sea level anomalies,climate_signal,0.1,50.0,METER,2023.0,latest returned indicator trace row; source years vary,True,not applicable; published anomaly measure,7323fcd3e9be81e1a88914b96bf3ea046cb1ae5985aa0f5c5f4cd0e7cde6c2b5,Pacific Data Hub official SDMX rows,"Measured latest condition; descriptive, non-causal, and comparable within indicator.",8,measured_condition: average-linkage seriation over pairwise shared features; no imputation
measured_condition,PW,Palau,10,population-growth,Projected population growth,candidate_context,-0.13,36.36363636363637,PERCENT,2025.0,latest returned candidate row; source years vary,True,prior-period population implied by the published rate,6faea73f57f85a817f3e7f02925678a77336a7e81c6e3ea8a8e6ccd2e52b9e41,Pacific Data Hub official SDMX rows,"Published projection/estimated rate; not observed population change, population size, or climate vulnerability.",8,measured_condition: average-linkage seriation over pairwise shared features; no imputation
measured_condition,PW,Palau,11,renewable-energy-share-in-the-total-final-energy-consumption,Renewable energy share,candidate_context,0.58,10.0,PERCENT,2022.0,latest returned candidate row; source years vary,True,total final energy consumption,99608a64d5d05f524758d26b2eab09496fb992237ac6cd0539b2c287508a24ad,Pacific Data Hub official SDMX rows,"The share does not measure energy access, reliability, or adaptation capacity.",8,measured_condition: average-linkage seriation over pairwise shared features; no imputation
measured_condition,PW,Palau,12,proportion-of-population-using-safely-managed-drinking-water-services,Safely managed drinking water,candidate_context,99.57,89.47368421052632,PERCENT,2022.0,latest returned candidate row; source years vary,True,population in the represented geography,08f27cdc1d256111572b37a33e0715168e87cbc565f4685ba3cff835b89b5770,Pacific Data Hub official SDMX rows,"This is essential-service context, not a climate-attribution measure.",8,measured_condition: average-linkage seriation over pairwise shared features; no imputation
measured_condition,PW,Palau,13,climate-altering-land-cover-index,Climate-altering land-cover index,candidate_context,111.3,86.36363636363636,PERCENT,2022.0,latest returned candidate row; source years vary,True,not applicable to the published index,2871a477fb6c3ebd76543de7c887a50528613744b1228faf9181a58a81736db9,Pacific Data Hub official SDMX rows,The source direction and baseline need review before narrative interpretation.,8,measured_condition: average-linkage seriation over pairwise shared features; no imputation
measured_condition,PF,French Polynesia,1,fisheries-management-measures-in-place-and-multilateral-and-bilateral-fisheries-management-arrangements,Fisheries management measures in place and multilateral and bilateral fisheries management arrangements,adaptation_capacity,25.0,22.727272727272727,N,2026.0,latest returned indicator trace row; source years vary,True,not supplied in processed official row,14e17db0ff86ee011083673e0def6466863b94c33cfaa578856d9cc886c39240,Pacific Data Hub official SDMX rows,Partial proxy only; it does not establish preparedness or adaptation readiness.,9,measured_condition: average-linkage seriation over pairwise shared features; no imputation
measured_condition,PF,French Polynesia,2,greenhouse-gas-emissions-per-capita,Greenhouse gas emissions per capita,responsibility_context,3.8,88.23529411764706,TON,2024.0,latest returned indicator trace row; source years vary,True,population denominator implied by per-capita indicator; size not supplied,bd4d0e8980151b76b66d630e0ee7b832cb8897b22e1114c75b10e7f959fb138c,Pacific Data Hub official SDMX rows,"Responsibility context only; it is not a blame, vulnerability, or score input.",9,measured_condition: average-linkage seriation over pairwise shared features; no imputation
measured_condition,PF,French Polynesia,3,mean-sea-surface-temperature-anomalies,Mean sea surface temperature anomalies,climate_signal,0.6,52.38095238095239,CELSIUS,2025.0,latest returned indicator trace row; source years vary,True,not applicable; published anomaly measure,4010420f81782c5a0ec54b7d192544e142014a52689d8db370590a73818b9721,Pacific Data Hub official SDMX rows,"Measured latest condition; descriptive, non-causal, and comparable within indicator.",9,measured_condition: average-linkage seriation over pairwise shared features; no imputation
measured_condition,PF,French Polynesia,4,mean-surface-temperature-anomalies,Mean surface temperature anomalies,climate_signal,0.5,36.36363636363637,CELSIUS,2025.0,latest returned indicator trace row; source years vary,True,not applicable; published anomaly measure,b495f616b8fb78cd7751cdf428b4081b60965cd6791c0e6fcd90c27cb693f1f8,Pacific Data Hub official SDMX rows,"Measured latest condition; descriptive, non-causal, and comparable within indicator.",9,measured_condition: average-linkage seriation over pairwise shared features; no imputation
measured_condition,PF,French Polynesia,5,meteorological-monitoring-network,Meteorological monitoring network,adaptation_capacity,7.0,94.44444444444444,N,2026.0,latest returned indicator trace row; source years vary,True,not supplied in processed official row,abdb83da79258aa8ab8825105e8c49ac0619390019b48e63fc925e2a15a8c633,Pacific Data Hub official SDMX rows,Partial proxy only; it does not establish preparedness or adaptation readiness.,9,measured_condition: average-linkage seriation over pairwise shared features; no imputation
measured_condition,PF,French Polynesia,6,number-of-directly-affected-persons-attributed-to-disasters,Number of directly affected persons attributed to disasters,observed_stress,0.0,19.047619047619047,N,2007.0,latest returned indicator trace row; source years vary,True,not supplied in processed official row,fd58a556d4af197c387ffbd5e0cf20e5964fdc25ff60625dc9521c29a137d6c5,Pacific Data Hub official SDMX rows,"Measured latest condition; descriptive, non-causal, and comparable within indicator.",9,measured_condition: average-linkage seriation over pairwise shared features; no imputation
measured_condition,PF,French Polynesia,7,power-generation,Power generation,adaptation_capacity,629.3,77.77777777777779,GWH,2023.0,latest returned indicator trace row; source years vary,True,not supplied in processed official row,06c302e13aecea7af23b97b5ebac615d9c84dea1b3b26bca7219c127b8f67ce4,Pacific Data Hub official SDMX rows,Partial proxy only; it does not establish preparedness or adaptation readiness.,9,measured_condition: average-linkage seriation over pairwise shared features; no imputation
measured_condition,PF,French Polynesia,8,rainfall-anomalies,Rainfall anomalies,climate_signal,5.3,22.727272727272727,MM,2025.0,latest returned indicator trace row; source years vary,True,not applicable; published anomaly measure,1dc8215e631714f92fa42b4d1e124127b8127bdd23c6a4dd32666824647fc4f6,Pacific Data Hub official SDMX rows,"Measured latest condition; descriptive, non-causal, and comparable within indicator.",9,measured_condition: average-linkage seriation over pairwise shared features; no imputation
measured_condition,PF,French Polynesia,9,sea-level-anomalies,Sea level anomalies,climate_signal,0.1,50.0,METER,2023.0,latest returned indicator trace row; source years vary,True,not applicable; published anomaly measure,a6134adcfd0e02ffb5eb25ddcdea199bf5de198d18a267bb503bae17858cd13e,Pacific Data Hub official SDMX rows,"Measured latest condition; descriptive, non-causal, and comparable within indicator.",9,measured_condition: average-linkage seriation over pairwise shared features; no imputation
measured_condition,PF,French Polynesia,10,population-growth,Projected population growth,candidate_context,0.24,45.45454545454545,PERCENT,2025.0,latest returned candidate row; source years vary,True,prior-period population implied by the published rate,85392c956c760ea5ddca33ddd7df4fa9d75e76adba286c87d693f7e591f851ce,Pacific Data Hub official SDMX rows,"Published projection/estimated rate; not observed population change, population size, or climate vulnerability.",9,measured_condition: average-linkage seriation over pairwise shared features; no imputation
measured_condition,PF,French Polynesia,11,renewable-energy-share-in-the-total-final-energy-consumption,Renewable energy share,candidate_context,8.9,60.0,PERCENT,2023.0,latest returned candidate row; source years vary,True,total final energy consumption,1e2928458507b7927ba086e9e7b4aad68ea9a9f8b4dfe21eb200f32ad2964f9e,Pacific Data Hub official SDMX rows,"The share does not measure energy access, reliability, or adaptation capacity.",9,measured_condition: average-linkage seriation over pairwise shared features; no imputation
measured_condition,PF,French Polynesia,12,proportion-of-population-using-safely-managed-drinking-water-services,Safely managed drinking water,candidate_context,81.81,26.31578947368421,PERCENT,2022.0,latest returned candidate row; source years vary,True,population in the represented geography,5df6b9c99836ca52eacbdfb17300cee6b341dfe8175d35931047bf8636408ccd,Pacific Data Hub official SDMX rows,"This is essential-service context, not a climate-attribution measure.",9,measured_condition: average-linkage seriation over pairwise shared features; no imputation
measured_condition,PF,French Polynesia,13,climate-altering-land-cover-index,Climate-altering land-cover index,candidate_context,94.6,13.636363636363635,PERCENT,2022.0,latest returned candidate row; source years vary,True,not applicable to the published index,c3fb75fcf54ee43896c25b341a0638ef01395621b32c08842fb2fe39fb00b0df,Pacific Data Hub official SDMX rows,The source direction and baseline need review before narrative interpretation.,9,measured_condition: average-linkage seriation over pairwise shared features; no imputation
measured_condition,MP,Northern Mariana Islands,1,fisheries-management-measures-in-place-and-multilateral-and-bilateral-fisheries-management-arrangements,Fisheries management measures in place and multilateral and bilateral fisheries management arrangements,adaptation_capacity,36.0,40.909090909090914,N,2026.0,latest returned indicator trace row; source years vary,True,not supplied in processed official row,3aeac20af71dba62fbd80c3f165a2553a1c4b6ebd95b66a071dd9bff10f0acd3,Pacific Data Hub official SDMX rows,Partial proxy only; it does not establish preparedness or adaptation readiness.,10,measured_condition: average-linkage seriation over pairwise shared features; no imputation
measured_condition,MP,Northern Mariana Islands,2,greenhouse-gas-emissions-per-capita,Greenhouse gas emissions per capita,responsibility_context,0.1,14.705882352941178,TON,2024.0,latest returned indicator trace row; source years vary,True,population denominator implied by per-capita indicator; size not supplied,a1a85869055fa8e8e383da2853c31e8ad2af44a32e3a94ad3facc0606c82ed64,Pacific Data Hub official SDMX rows,"Responsibility context only; it is not a blame, vulnerability, or score input.",10,measured_condition: average-linkage seriation over pairwise shared features; no imputation
measured_condition,MP,Northern Mariana Islands,3,mean-sea-surface-temperature-anomalies,Mean sea surface temperature anomalies,climate_signal,0.9,85.71428571428571,CELSIUS,2025.0,latest returned indicator trace row; source years vary,True,not applicable; published anomaly measure,ae0a00774f0cdd08ad6f3ad42608d92fb83be069e673d51887d9d2f134412ecc,Pacific Data Hub official SDMX rows,"Measured latest condition; descriptive, non-causal, and comparable within indicator.",10,measured_condition: average-linkage seriation over pairwise shared features; no imputation
measured_condition,MP,Northern Mariana Islands,4,mean-surface-temperature-anomalies,Mean surface temperature anomalies,climate_signal,0.9,81.81818181818183,CELSIUS,2025.0,latest returned indicator trace row; source years vary,True,not applicable; published anomaly measure,5709837aafcfc42df99f0d642a4452f40ebb6a7e7830b45e151caf8b0fdf5e2a,Pacific Data Hub official SDMX rows,"Measured latest condition; descriptive, non-causal, and comparable within indicator.",10,measured_condition: average-linkage seriation over pairwise shared features; no imputation
measured_condition,MP,Northern Mariana Islands,5,meteorological-monitoring-network,Meteorological monitoring network,adaptation_capacity,,,N,,latest returned indicator trace row; source years vary,False,not supplied in processed official row,,Pacific Data Hub official SDMX rows,Partial proxy only; it does not establish preparedness or adaptation readiness.,10,measured_condition: average-linkage seriation over pairwise shared features; no imputation
measured_condition,MP,Northern Mariana Islands,6,number-of-directly-affected-persons-attributed-to-disasters,Number of directly affected persons attributed to disasters,observed_stress,0.0,19.047619047619047,N,2015.0,latest returned indicator trace row; source years vary,True,not supplied in processed official row,7b354ee8b3669d78f6ab54aeceac26e639f46f9096efcff4539c57bf701ce651,Pacific Data Hub official SDMX rows,"Measured latest condition; descriptive, non-causal, and comparable within indicator.",10,measured_condition: average-linkage seriation over pairwise shared features; no imputation
measured_condition,MP,Northern Mariana Islands,7,power-generation,Power generation,adaptation_capacity,,,GWH,,latest returned indicator trace row; source years vary,False,not supplied in processed official row,,Pacific Data Hub official SDMX rows,Partial proxy only; it does not establish preparedness or adaptation readiness.,10,measured_condition: average-linkage seriation over pairwise shared features; no imputation
measured_condition,MP,Northern Mariana Islands,8,rainfall-anomalies,Rainfall anomalies,climate_signal,-12.8,72.72727272727273,MM,2025.0,latest returned indicator trace row; source years vary,True,not applicable; published anomaly measure,1b145e72a7f691215719ae8e287e94de7247b4c34e4cf08a3ec180473fb4a3e4,Pacific Data Hub official SDMX rows,"Measured latest condition; descriptive, non-causal, and comparable within indicator.",10,measured_condition: average-linkage seriation over pairwise shared features; no imputation
measured_condition,MP,Northern Mariana Islands,9,sea-level-anomalies,Sea level anomalies,climate_signal,0.1,50.0,METER,2023.0,latest returned indicator trace row; source years vary,True,not applicable; published anomaly measure,ebc241a61fd7d364bd7bd42e5a0468c8d4d238a6ee135ab51e6b6d18974fd50e,Pacific Data Hub official SDMX rows,"Measured latest condition; descriptive, non-causal, and comparable within indicator.",10,measured_condition: average-linkage seriation over pairwise shared features; no imputation
measured_condition,MP,Northern Mariana Islands,10,population-growth,Projected population growth,candidate_context,-1.75,13.636363636363635,PERCENT,2025.0,latest returned candidate row; source years vary,True,prior-period population implied by the published rate,b862acfd14a715ecae6f0bca954af1bbae55dc77d050cfaf9c43e3b531b2131f,Pacific Data Hub official SDMX rows,"Published projection/estimated rate; not observed population change, population size, or climate vulnerability.",10,measured_condition: average-linkage seriation over pairwise shared features; no imputation
measured_condition,MP,Northern Mariana Islands,11,renewable-energy-share-in-the-total-final-energy-consumption,Renewable energy share,candidate_context,0.69,15.0,PERCENT,2022.0,latest returned candidate row; source years vary,True,total final energy consumption,2f4c73c57794de2a13a3c50b2e6975af126b8b48abd340ca7f635f00f5d099e3,Pacific Data Hub official SDMX rows,"The share does not measure energy access, reliability, or adaptation capacity.",10,measured_condition: average-linkage seriation over pairwise shared features; no imputation
measured_condition,MP,Northern Mariana Islands,12,proportion-of-population-using-safely-managed-drinking-water-services,Safely managed drinking water,candidate_context,90.64,47.368421052631575,PERCENT,2022.0,latest returned candidate row; source years vary,True,population in the represented geography,7e35cb9bc20f045847d656f72c64e84080b75b3d26978b4f4f1438efa7993b32,Pacific Data Hub official SDMX rows,"This is essential-service context, not a climate-attribution measure.",10,measured_condition: average-linkage seriation over pairwise shared features; no imputation
measured_condition,MP,Northern Mariana Islands,13,climate-altering-land-cover-index,Climate-altering land-cover index,candidate_context,94.1,9.090909090909092,PERCENT,2022.0,latest returned candidate row; source years vary,True,not applicable to the published index,8faca1c3b28b2dbef962675f0c2e13493c69462ea1a71dbe1836728aa82307cf,Pacific Data Hub official SDMX rows,The source direction and baseline need review before narrative interpretation.,10,measured_condition: average-linkage seriation over pairwise shared features; no imputation
measured_condition,WF,Wallis and Futuna Islands,1,fisheries-management-measures-in-place-and-multilateral-and-bilateral-fisheries-management-arrangements,Fisheries management measures in place and multilateral and bilateral fisheries management arrangements,adaptation_capacity,7.0,4.545454545454546,N,2026.0,latest returned indicator trace row; source years vary,True,not supplied in processed official row,5ecad25f2636b99994d62d59a78e17f4f44250cb3efb11555b6ad6af63c379c4,Pacific Data Hub official SDMX rows,Partial proxy only; it does not establish preparedness or adaptation readiness.,11,measured_condition: average-linkage seriation over pairwise shared features; no imputation
measured_condition,WF,Wallis and Futuna Islands,2,greenhouse-gas-emissions-per-capita,Greenhouse gas emissions per capita,responsibility_context,,,TON,,latest returned indicator trace row; source years vary,False,population denominator implied by per-capita indicator; size not supplied,,Pacific Data Hub official SDMX rows,"Responsibility context only; it is not a blame, vulnerability, or score input.",11,measured_condition: average-linkage seriation over pairwise shared features; no imputation
measured_condition,WF,Wallis and Futuna Islands,3,mean-sea-surface-temperature-anomalies,Mean sea surface temperature anomalies,climate_signal,0.5,33.33333333333333,CELSIUS,2025.0,latest returned indicator trace row; source years vary,True,not applicable; published anomaly measure,35846cb3534f339280a69df6d2ad8ed8d8541edf557bb2c18fbcf054307fd400,Pacific Data Hub official SDMX rows,"Measured latest condition; descriptive, non-causal, and comparable within indicator.",11,measured_condition: average-linkage seriation over pairwise shared features; no imputation
measured_condition,WF,Wallis and Futuna Islands,4,mean-surface-temperature-anomalies,Mean surface temperature anomalies,climate_signal,0.5,36.36363636363637,CELSIUS,2025.0,latest returned indicator trace row; source years vary,True,not applicable; published anomaly measure,7284f6d5fcc186c94f2ebf989fbfd40845a23b5bc8505a1d4b8e634b2a067c5e,Pacific Data Hub official SDMX rows,"Measured latest condition; descriptive, non-causal, and comparable within indicator.",11,measured_condition: average-linkage seriation over pairwise shared features; no imputation
measured_condition,WF,Wallis and Futuna Islands,5,meteorological-monitoring-network,Meteorological monitoring network,adaptation_capacity,,,N,,latest returned indicator trace row; source years vary,False,not supplied in processed official row,,Pacific Data Hub official SDMX rows,Partial proxy only; it does not establish preparedness or adaptation readiness.,11,measured_condition: average-linkage seriation over pairwise shared features; no imputation
measured_condition,WF,Wallis and Futuna Islands,6,number-of-directly-affected-persons-attributed-to-disasters,Number of directly affected persons attributed to disasters,observed_stress,0.0,19.047619047619047,N,2020.0,latest returned indicator trace row; source years vary,True,not supplied in processed official row,782f2f5c03288f59e88ba67f59218604ae0dd42537a575a318e5c06988492cc4,Pacific Data Hub official SDMX rows,"Measured latest condition; descriptive, non-causal, and comparable within indicator.",11,measured_condition: average-linkage seriation over pairwise shared features; no imputation
measured_condition,WF,Wallis and Futuna Islands,7,power-generation,Power generation,adaptation_capacity,,,GWH,,latest returned indicator trace row; source years vary,False,not supplied in processed official row,,Pacific Data Hub official SDMX rows,Partial proxy only; it does not establish preparedness or adaptation readiness.,11,measured_condition: average-linkage seriation over pairwise shared features; no imputation
measured_condition,WF,Wallis and Futuna Islands,8,rainfall-anomalies,Rainfall anomalies,climate_signal,13.8,77.27272727272727,MM,2025.0,latest returned indicator trace row; source years vary,True,not applicable; published anomaly measure,69fe732ef8b737d9f15ddb2d6675ead67b6569dda295ac40b1a940995ceb8b79,Pacific Data Hub official SDMX rows,"Measured latest condition; descriptive, non-causal, and comparable within indicator.",11,measured_condition: average-linkage seriation over pairwise shared features; no imputation
measured_condition,WF,Wallis and Futuna Islands,9,sea-level-anomalies,Sea level anomalies,climate_signal,0.1,50.0,METER,2023.0,latest returned indicator trace row; source years vary,True,not applicable; published anomaly measure,0f30550d268891851d91e0ec8502daf4d327fbf03a9f4256d3d20729ffc418d4,Pacific Data Hub official SDMX rows,"Measured latest condition; descriptive, non-causal, and comparable within indicator.",11,measured_condition: average-linkage seriation over pairwise shared features; no imputation
measured_condition,WF,Wallis and Futuna Islands,10,population-growth,Projected population growth,candidate_context,-0.75,27.27272727272727,PERCENT,2025.0,latest returned candidate row; source years vary,True,prior-period population implied by the published rate,e4a2e0b09ffca01beb0df64b81e4cdfd734fe66cfe6d50171846082bc2aa00ea,Pacific Data Hub official SDMX rows,"Published projection/estimated rate; not observed population change, population size, or climate vulnerability.",11,measured_condition: average-linkage seriation over pairwise shared features; no imputation
measured_condition,WF,Wallis and Futuna Islands,11,renewable-energy-share-in-the-total-final-energy-consumption,Renewable energy share,candidate_context,3.38,40.0,PERCENT,2022.0,latest returned candidate row; source years vary,True,total final energy consumption,f5e65e00ff8ab87cef9830181dcaf6984c54c2efea35fd264238bb55027d7ff9,Pacific Data Hub official SDMX rows,"The share does not measure energy access, reliability, or adaptation capacity.",11,measured_condition: average-linkage seriation over pairwise shared features; no imputation
measured_condition,WF,Wallis and Futuna Islands,12,proportion-of-population-using-safely-managed-drinking-water-services,Safely managed drinking water,candidate_context,68.88,15.789473684210526,PERCENT,2022.0,latest returned candidate row; source years vary,True,population in the represented geography,3e7509d4567b8c90cd3161538f6982b2353706dfcd584cea8bd51941e47448f2,Pacific Data Hub official SDMX rows,"This is essential-service context, not a climate-attribution measure.",11,measured_condition: average-linkage seriation over pairwise shared features; no imputation
measured_condition,WF,Wallis and Futuna Islands,13,climate-altering-land-cover-index,Climate-altering land-cover index,candidate_context,100.0,47.72727272727273,PERCENT,2022.0,latest returned candidate row; source years vary,True,not applicable to the published index,e59ed2b1eda6e8717345afbe8746aca049b4bf2385f3eb835c867bd5939f0cb1,Pacific Data Hub official SDMX rows,The source direction and baseline need review before narrative interpretation.,11,measured_condition: average-linkage seriation over pairwise shared features; no imputation
measured_condition,AS,American Samoa,1,fisheries-management-measures-in-place-and-multilateral-and-bilateral-fisheries-management-arrangements,Fisheries management measures in place and multilateral and bilateral fisheries management arrangements,adaptation_capacity,12.0,18.181818181818183,N,2026.0,latest returned indicator trace row; source years vary,True,not supplied in processed official row,e8cf17f293273bb4a522fb21c78a778623f86dd52e75a562431f5815c68cee92,Pacific Data Hub official SDMX rows,Partial proxy only; it does not establish preparedness or adaptation readiness.,12,measured_condition: average-linkage seriation over pairwise shared features; no imputation
measured_condition,AS,American Samoa,2,greenhouse-gas-emissions-per-capita,Greenhouse gas emissions per capita,responsibility_context,0.2,29.411764705882355,TON,2024.0,latest returned indicator trace row; source years vary,True,population denominator implied by per-capita indicator; size not supplied,e52d5264c32bf9a6eeb6902b0f4d3f2df912b302eb6072602a070a7b18cdb6c0,Pacific Data Hub official SDMX rows,"Responsibility context only; it is not a blame, vulnerability, or score input.",12,measured_condition: average-linkage seriation over pairwise shared features; no imputation
measured_condition,AS,American Samoa,3,mean-sea-surface-temperature-anomalies,Mean sea surface temperature anomalies,climate_signal,0.5,33.33333333333333,CELSIUS,2025.0,latest returned indicator trace row; source years vary,True,not applicable; published anomaly measure,108f710a01abe4a38223a5f8536ba3d9a8dcb702f08bd56098e715f5d9bbbbd6,Pacific Data Hub official SDMX rows,"Measured latest condition; descriptive, non-causal, and comparable within indicator.",12,measured_condition: average-linkage seriation over pairwise shared features; no imputation
measured_condition,AS,American Samoa,4,mean-surface-temperature-anomalies,Mean surface temperature anomalies,climate_signal,0.5,36.36363636363637,CELSIUS,2025.0,latest returned indicator trace row; source years vary,True,not applicable; published anomaly measure,31a92d99c188d8fcba6a688a0166017b0337f61cdfcebe2de9685874e3cd06d9,Pacific Data Hub official SDMX rows,"Measured latest condition; descriptive, non-causal, and comparable within indicator.",12,measured_condition: average-linkage seriation over pairwise shared features; no imputation
measured_condition,AS,American Samoa,5,meteorological-monitoring-network,Meteorological monitoring network,adaptation_capacity,,,N,,latest returned indicator trace row; source years vary,False,not supplied in processed official row,,Pacific Data Hub official SDMX rows,Partial proxy only; it does not establish preparedness or adaptation readiness.,12,measured_condition: average-linkage seriation over pairwise shared features; no imputation
measured_condition,AS,American Samoa,6,number-of-directly-affected-persons-attributed-to-disasters,Number of directly affected persons attributed to disasters,observed_stress,232.0,52.38095238095239,N,2020.0,latest returned indicator trace row; source years vary,True,not supplied in processed official row,7448be32c53541e534a03b3649e0207544f08103d9d8de3811002a4b17aef671,Pacific Data Hub official SDMX rows,"Measured latest condition; descriptive, non-causal, and comparable within indicator.",12,measured_condition: average-linkage seriation over pairwise shared features; no imputation
measured_condition,AS,American Samoa,7,power-generation,Power generation,adaptation_capacity,,,GWH,,latest returned indicator trace row; source years vary,False,not supplied in processed official row,,Pacific Data Hub official SDMX rows,Partial proxy only; it does not establish preparedness or adaptation readiness.,12,measured_condition: average-linkage seriation over pairwise shared features; no imputation
measured_condition,AS,American Samoa,8,rainfall-anomalies,Rainfall anomalies,climate_signal,11.7,68.18181818181817,MM,2025.0,latest returned indicator trace row; source years vary,True,not applicable; published anomaly measure,8645d5b2feb116ce0245c356e1c48b4b4bf7c2923c2549e08623216449e1608d,Pacific Data Hub official SDMX rows,"Measured latest condition; descriptive, non-causal, and comparable within indicator.",12,measured_condition: average-linkage seriation over pairwise shared features; no imputation
measured_condition,AS,American Samoa,9,sea-level-anomalies,Sea level anomalies,climate_signal,0.1,50.0,METER,2023.0,latest returned indicator trace row; source years vary,True,not applicable; published anomaly measure,75204c1a72656b97edd741d471ee31c1f513eb21344e97820e83433cfa37b328,Pacific Data Hub official SDMX rows,"Measured latest condition; descriptive, non-causal, and comparable within indicator.",12,measured_condition: average-linkage seriation over pairwise shared features; no imputation
measured_condition,AS,American Samoa,10,population-growth,Projected population growth,candidate_context,-1.6,22.727272727272727,PERCENT,2025.0,latest returned candidate row; source years vary,True,prior-period population implied by the published rate,6bc21ea663014deaadfbf0e78a070eea962c9ca8b37c255f6b292e35a8b4e11f,Pacific Data Hub official SDMX rows,"Published projection/estimated rate; not observed population change, population size, or climate vulnerability.",12,measured_condition: average-linkage seriation over pairwise shared features; no imputation
measured_condition,AS,American Samoa,11,renewable-energy-share-in-the-total-final-energy-consumption,Renewable energy share,candidate_context,0.49,5.0,PERCENT,2022.0,latest returned candidate row; source years vary,True,total final energy consumption,be479ff07b8b79527a13e131b56aacfa7ad84993510d9fed3b0ef10d3492d32d,Pacific Data Hub official SDMX rows,"The share does not measure energy access, reliability, or adaptation capacity.",12,measured_condition: average-linkage seriation over pairwise shared features; no imputation
measured_condition,AS,American Samoa,12,proportion-of-population-using-safely-managed-drinking-water-services,Safely managed drinking water,candidate_context,89.85,36.84210526315789,PERCENT,2021.0,latest returned candidate row; source years vary,True,population in the represented geography,543f70e9d613c2522a02cd82d9e2512fe817dcb51803dcafd7c8859f91c42632,Pacific Data Hub official SDMX rows,"This is essential-service context, not a climate-attribution measure.",12,measured_condition: average-linkage seriation over pairwise shared features; no imputation
measured_condition,AS,American Samoa,13,climate-altering-land-cover-index,Climate-altering land-cover index,candidate_context,100.0,47.72727272727273,PERCENT,2022.0,latest returned candidate row; source years vary,True,not applicable to the published index,1305efa4c0c8e8a1cf227bf4e0e1385ab0a62e6ba26908adaa049b29acf2916a,Pacific Data Hub official SDMX rows,The source direction and baseline need review before narrative interpretation.,12,measured_condition: average-linkage seriation over pairwise shared features; no imputation
measured_condition,PN,Pitcairn,1,fisheries-management-measures-in-place-and-multilateral-and-bilateral-fisheries-management-arrangements,Fisheries management measures in place and multilateral and bilateral fisheries management arrangements,adaptation_capacity,8.0,9.090909090909092,N,2026.0,latest returned indicator trace row; source years vary,True,not supplied in processed official row,169f399c191adaeb8fa3403df03490324fd0a926c3b1feeb4cd685f5487debd5,Pacific Data Hub official SDMX rows,Partial proxy only; it does not establish preparedness or adaptation readiness.,13,measured_condition: average-linkage seriation over pairwise shared features; no imputation
measured_condition,PN,Pitcairn,2,greenhouse-gas-emissions-per-capita,Greenhouse gas emissions per capita,responsibility_context,,,TON,,latest returned indicator trace row; source years vary,False,population denominator implied by per-capita indicator; size not supplied,,Pacific Data Hub official SDMX rows,"Responsibility context only; it is not a blame, vulnerability, or score input.",13,measured_condition: average-linkage seriation over pairwise shared features; no imputation
measured_condition,PN,Pitcairn,3,mean-sea-surface-temperature-anomalies,Mean sea surface temperature anomalies,climate_signal,,,CELSIUS,,latest returned indicator trace row; source years vary,False,not applicable; published anomaly measure,,Pacific Data Hub official SDMX rows,"Measured latest condition; descriptive, non-causal, and comparable within indicator.",13,measured_condition: average-linkage seriation over pairwise shared features; no imputation
measured_condition,PN,Pitcairn,4,mean-surface-temperature-anomalies,Mean surface temperature anomalies,climate_signal,0.6,56.81818181818182,CELSIUS,2025.0,latest returned indicator trace row; source years vary,True,not applicable; published anomaly measure,bcbf065d66d67bf1649ab140cf7241f00adeee2e1c5846462169733789073327,Pacific Data Hub official SDMX rows,"Measured latest condition; descriptive, non-causal, and comparable within indicator.",13,measured_condition: average-linkage seriation over pairwise shared features; no imputation
measured_condition,PN,Pitcairn,5,meteorological-monitoring-network,Meteorological monitoring network,adaptation_capacity,0.0,11.11111111111111,N,2026.0,latest returned indicator trace row; source years vary,True,not supplied in processed official row,a87f56c397c202a34606adfd5470e2cab6f719e40606c92854d4d9c9c4fa42aa,Pacific Data Hub official SDMX rows,Partial proxy only; it does not establish preparedness or adaptation readiness.,13,measured_condition: average-linkage seriation over pairwise shared features; no imputation
measured_condition,PN,Pitcairn,6,number-of-directly-affected-persons-attributed-to-disasters,Number of directly affected persons attributed to disasters,observed_stress,,,N,,latest returned indicator trace row; source years vary,False,not supplied in processed official row,,Pacific Data Hub official SDMX rows,"Measured latest condition; descriptive, non-causal, and comparable within indicator.",13,measured_condition: average-linkage seriation over pairwise shared features; no imputation
measured_condition,PN,Pitcairn,7,power-generation,Power generation,adaptation_capacity,,,GWH,,latest returned indicator trace row; source years vary,False,not supplied in processed official row,,Pacific Data Hub official SDMX rows,Partial proxy only; it does not establish preparedness or adaptation readiness.,13,measured_condition: average-linkage seriation over pairwise shared features; no imputation
measured_condition,PN,Pitcairn,8,rainfall-anomalies,Rainfall anomalies,climate_signal,-7.6,50.0,MM,2025.0,latest returned indicator trace row; source years vary,True,not applicable; published anomaly measure,ca29e6faa87db60f54b90dc6bf214eafba3cb966ddc81caaa1ac2dc449938fe3,Pacific Data Hub official SDMX rows,"Measured latest condition; descriptive, non-causal, and comparable within indicator.",13,measured_condition: average-linkage seriation over pairwise shared features; no imputation
measured_condition,PN,Pitcairn,9,sea-level-anomalies,Sea level anomalies,climate_signal,,,METER,,latest returned indicator trace row; source years vary,False,not applicable; published anomaly measure,,Pacific Data Hub official SDMX rows,"Measured latest condition; descriptive, non-causal, and comparable within indicator.",13,measured_condition: average-linkage seriation over pairwise shared features; no imputation
measured_condition,PN,Pitcairn,10,population-growth,Projected population growth,candidate_context,0.0,40.909090909090914,PERCENT,2025.0,latest returned candidate row; source years vary,True,prior-period population implied by the published rate,ff91ad30c61e8790334832dec3a7118db2a2ecbfca1aaf7dbea4b802bc84ec4c,Pacific Data Hub official SDMX rows,"Published projection/estimated rate; not observed population change, population size, or climate vulnerability.",13,measured_condition: average-linkage seriation over pairwise shared features; no imputation
measured_condition,PN,Pitcairn,11,renewable-energy-share-in-the-total-final-energy-consumption,Renewable energy share,candidate_context,,,PERCENT,,latest returned candidate row; source years vary,False,total final energy consumption,,Pacific Data Hub official SDMX rows,"The share does not measure energy access, reliability, or adaptation capacity.",13,measured_condition: average-linkage seriation over pairwise shared features; no imputation
measured_condition,PN,Pitcairn,12,proportion-of-population-using-safely-managed-drinking-water-services,Safely managed drinking water,candidate_context,,,PERCENT,,latest returned candidate row; source years vary,False,population in the represented geography,,Pacific Data Hub official SDMX rows,"This is essential-service context, not a climate-attribution measure.",13,measured_condition: average-linkage seriation over pairwise shared features; no imputation
measured_condition,PN,Pitcairn,13,climate-altering-land-cover-index,Climate-altering land-cover index,candidate_context,100.0,47.72727272727273,PERCENT,2022.0,latest returned candidate row; source years vary,True,not applicable to the published index,5797b88d12e3e266e0b5d7e630e99b093c89ec36e380f6d5ca2e1382dbd1a233,Pacific Data Hub official SDMX rows,The source direction and baseline need review before narrative interpretation.,13,measured_condition: average-linkage seriation over pairwise shared features; no imputation
measured_condition,NU,Niue,1,fisheries-management-measures-in-place-and-multilateral-and-bilateral-fisheries-management-arrangements,Fisheries management measures in place and multilateral and bilateral fisheries management arrangements,adaptation_capacity,31.0,31.818181818181817,N,2026.0,latest returned indicator trace row; source years vary,True,not supplied in processed official row,17299027177e0e3fd96b195882eb4c7609a04de401c2fde815c3c0455811916c,Pacific Data Hub official SDMX rows,Partial proxy only; it does not establish preparedness or adaptation readiness.,14,measured_condition: average-linkage seriation over pairwise shared features; no imputation
measured_condition,NU,Niue,2,greenhouse-gas-emissions-per-capita,Greenhouse gas emissions per capita,responsibility_context,,,TON,,latest returned indicator trace row; source years vary,False,population denominator implied by per-capita indicator; size not supplied,,Pacific Data Hub official SDMX rows,"Responsibility context only; it is not a blame, vulnerability, or score input.",14,measured_condition: average-linkage seriation over pairwise shared features; no imputation
measured_condition,NU,Niue,3,mean-sea-surface-temperature-anomalies,Mean sea surface temperature anomalies,climate_signal,0.5,33.33333333333333,CELSIUS,2025.0,latest returned indicator trace row; source years vary,True,not applicable; published anomaly measure,ac647fa3f68cf932ea63013375e8ad956a9b83d98e4d8b651452a5dff39f732f,Pacific Data Hub official SDMX rows,"Measured latest condition; descriptive, non-causal, and comparable within indicator.",14,measured_condition: average-linkage seriation over pairwise shared features; no imputation
measured_condition,NU,Niue,4,mean-surface-temperature-anomalies,Mean surface temperature anomalies,climate_signal,0.5,36.36363636363637,CELSIUS,2025.0,latest returned indicator trace row; source years vary,True,not applicable; published anomaly measure,ea1e128ed464181c3566130c78d309f6314a8d7cf3cd737979d8e30f9d5a17e3,Pacific Data Hub official SDMX rows,"Measured latest condition; descriptive, non-causal, and comparable within indicator.",14,measured_condition: average-linkage seriation over pairwise shared features; no imputation
measured_condition,NU,Niue,5,meteorological-monitoring-network,Meteorological monitoring network,adaptation_capacity,0.0,11.11111111111111,N,2026.0,latest returned indicator trace row; source years vary,True,not supplied in processed official row,69898759f3aefe95ce8c7659a32eef7cc911e2105fde8685ba9c040d4117e6be,Pacific Data Hub official SDMX rows,Partial proxy only; it does not establish preparedness or adaptation readiness.,14,measured_condition: average-linkage seriation over pairwise shared features; no imputation
measured_condition,NU,Niue,6,number-of-directly-affected-persons-attributed-to-disasters,Number of directly affected persons attributed to disasters,observed_stress,0.0,19.047619047619047,N,2020.0,latest returned indicator trace row; source years vary,True,not supplied in processed official row,125d91a5aadaed9a63943172c9972b4ca786cdb5a5bea82e7504dafc0b5a1e0d,Pacific Data Hub official SDMX rows,"Measured latest condition; descriptive, non-causal, and comparable within indicator.",14,measured_condition: average-linkage seriation over pairwise shared features; no imputation
measured_condition,NU,Niue,7,power-generation,Power generation,adaptation_capacity,4.5,11.11111111111111,GWH,2023.0,latest returned indicator trace row; source years vary,True,not supplied in processed official row,92ff04e6c69bcdda746f9c3db74ab91745cdf7c3c236d4f73e3433de428f8c71,Pacific Data Hub official SDMX rows,Partial proxy only; it does not establish preparedness or adaptation readiness.,14,measured_condition: average-linkage seriation over pairwise shared features; no imputation
measured_condition,NU,Niue,8,rainfall-anomalies,Rainfall anomalies,climate_signal,11.6,63.63636363636363,MM,2025.0,latest returned indicator trace row; source years vary,True,not applicable; published anomaly measure,8e4ec0cd85352640a572f7655f6d2fd76e0218f49cf2424c5c0e3fa0615f14c6,Pacific Data Hub official SDMX rows,"Measured latest condition; descriptive, non-causal, and comparable within indicator.",14,measured_condition: average-linkage seriation over pairwise shared features; no imputation
measured_condition,NU,Niue,9,sea-level-anomalies,Sea level anomalies,climate_signal,0.1,50.0,METER,2023.0,latest returned indicator trace row; source years vary,True,not applicable; published anomaly measure,2dbe0abbce30a7e7715a3020137e939956c069ef617f573412cbb89dee8c3c54,Pacific Data Hub official SDMX rows,"Measured latest condition; descriptive, non-causal, and comparable within indicator.",14,measured_condition: average-linkage seriation over pairwise shared features; no imputation
measured_condition,NU,Niue,10,population-growth,Projected population growth,candidate_context,0.39,50.0,PERCENT,2025.0,latest returned candidate row; source years vary,True,prior-period population implied by the published rate,38f4c59985e6731171866fe38669009c6f1e529d55d454b15fc1c4215d038bf2,Pacific Data Hub official SDMX rows,"Published projection/estimated rate; not observed population change, population size, or climate vulnerability.",14,measured_condition: average-linkage seriation over pairwise shared features; no imputation
measured_condition,NU,Niue,11,renewable-energy-share-in-the-total-final-energy-consumption,Renewable energy share,candidate_context,2.8,35.0,PERCENT,2022.0,latest returned candidate row; source years vary,True,total final energy consumption,7514e93e4abe35453de7e06a33e5b4a5605bb65cef5f52381dd4690c7b59b474,Pacific Data Hub official SDMX rows,"The share does not measure energy access, reliability, or adaptation capacity.",14,measured_condition: average-linkage seriation over pairwise shared features; no imputation
measured_condition,NU,Niue,12,proportion-of-population-using-safely-managed-drinking-water-services,Safely managed drinking water,candidate_context,97.01,68.42105263157895,PERCENT,2022.0,latest returned candidate row; source years vary,True,population in the represented geography,6e20e73b6dbf710efe5d72a78e4b3bc356ff98fd57c1652848f763e3bba055f2,Pacific Data Hub official SDMX rows,"This is essential-service context, not a climate-attribution measure.",14,measured_condition: average-linkage seriation over pairwise shared features; no imputation
measured_condition,NU,Niue,13,climate-altering-land-cover-index,Climate-altering land-cover index,candidate_context,100.0,47.72727272727273,PERCENT,2022.0,latest returned candidate row; source years vary,True,not applicable to the published index,d120adc55479f74dd685b9d5f05f1fbfaf4d0b85b3b7e7439aec8b2c79f7af78,Pacific Data Hub official SDMX rows,The source direction and baseline need review before narrative interpretation.,14,measured_condition: average-linkage seriation over pairwise shared features; no imputation
measured_condition,NR,Nauru,1,fisheries-management-measures-in-place-and-multilateral-and-bilateral-fisheries-management-arrangements,Fisheries management measures in place and multilateral and bilateral fisheries management arrangements,adaptation_capacity,32.0,36.36363636363637,N,2026.0,latest returned indicator trace row; source years vary,True,not supplied in processed official row,47443953c029fdf4ac96a45e03b9230ca611793866cd3097b7802fe31447d467,Pacific Data Hub official SDMX rows,Partial proxy only; it does not establish preparedness or adaptation readiness.,15,measured_condition: average-linkage seriation over pairwise shared features; no imputation
measured_condition,NR,Nauru,2,greenhouse-gas-emissions-per-capita,Greenhouse gas emissions per capita,responsibility_context,0.1,14.705882352941178,TON,2024.0,latest returned indicator trace row; source years vary,True,population denominator implied by per-capita indicator; size not supplied,983d4887088f48cbdbebb4e479ca78f3c77984b3c4373111fde1095b5d589349,Pacific Data Hub official SDMX rows,"Responsibility context only; it is not a blame, vulnerability, or score input.",15,measured_condition: average-linkage seriation over pairwise shared features; no imputation
measured_condition,NR,Nauru,3,mean-sea-surface-temperature-anomalies,Mean sea surface temperature anomalies,climate_signal,0.3,9.523809523809524,CELSIUS,2025.0,latest returned indicator trace row; source years vary,True,not applicable; published anomaly measure,5cd638e458f85d7ca5c96cc7e8cb73daf7ec7b754b393eb0f92c6e4d67b9ea82,Pacific Data Hub official SDMX rows,"Measured latest condition; descriptive, non-causal, and comparable within indicator.",15,measured_condition: average-linkage seriation over pairwise shared features; no imputation
measured_condition,NR,Nauru,4,mean-surface-temperature-anomalies,Mean surface temperature anomalies,climate_signal,0.3,9.090909090909092,CELSIUS,2025.0,latest returned indicator trace row; source years vary,True,not applicable; published anomaly measure,e01f6e354e42a37984d3131d634178afad86e6cf93d567cea4eaae2065ad9b79,Pacific Data Hub official SDMX rows,"Measured latest condition; descriptive, non-causal, and comparable within indicator.",15,measured_condition: average-linkage seriation over pairwise shared features; no imputation
measured_condition,NR,Nauru,5,meteorological-monitoring-network,Meteorological monitoring network,adaptation_capacity,0.0,11.11111111111111,N,2026.0,latest returned indicator trace row; source years vary,True,not supplied in processed official row,a0292390a11f5d493c0a373c6ddcf357265bcfa67ba37b86b7c9d49cbf6a27e2,Pacific Data Hub official SDMX rows,Partial proxy only; it does not establish preparedness or adaptation readiness.,15,measured_condition: average-linkage seriation over pairwise shared features; no imputation
measured_condition,NR,Nauru,6,number-of-directly-affected-persons-attributed-to-disasters,Number of directly affected persons attributed to disasters,observed_stress,5393.0,80.95238095238095,N,2022.0,latest returned indicator trace row; source years vary,True,not supplied in processed official row,8d73276e64f6b571e559934109fc7e467b8ffd5a549ac59ba0319e427714b936,Pacific Data Hub official SDMX rows,"Measured latest condition; descriptive, non-causal, and comparable within indicator.",15,measured_condition: average-linkage seriation over pairwise shared features; no imputation
measured_condition,NR,Nauru,7,power-generation,Power generation,adaptation_capacity,58.8,33.33333333333333,GWH,2023.0,latest returned indicator trace row; source years vary,True,not supplied in processed official row,35d1e4d3e21dd9efbc0fe3b580270ae90b5a7e5cbc5d4d6b931e479277b7b7c1,Pacific Data Hub official SDMX rows,Partial proxy only; it does not establish preparedness or adaptation readiness.,15,measured_condition: average-linkage seriation over pairwise shared features; no imputation
measured_condition,NR,Nauru,8,rainfall-anomalies,Rainfall anomalies,climate_signal,-41.8,100.0,MM,2025.0,latest returned indicator trace row; source years vary,True,not applicable; published anomaly measure,075ffc510c37943dfd62209983b485be18c4d32b182d18bdb0309ff848f14e3f,Pacific Data Hub official SDMX rows,"Measured latest condition; descriptive, non-causal, and comparable within indicator.",15,measured_condition: average-linkage seriation over pairwise shared features; no imputation
measured_condition,NR,Nauru,9,sea-level-anomalies,Sea level anomalies,climate_signal,0.1,50.0,METER,2023.0,latest returned indicator trace row; source years vary,True,not applicable; published anomaly measure,8088e5b3eaac6eb4f151b782f5595b779ff86fd3127589766906979b13145426,Pacific Data Hub official SDMX rows,"Measured latest condition; descriptive, non-causal, and comparable within indicator.",15,measured_condition: average-linkage seriation over pairwise shared features; no imputation
measured_condition,NR,Nauru,10,population-growth,Projected population growth,candidate_context,0.7,68.18181818181817,PERCENT,2025.0,latest returned candidate row; source years vary,True,prior-period population implied by the published rate,4d66c5d318635d38f784857d8a6a70ab90bcdb6764f7773434c08cf93b332a42,Pacific Data Hub official SDMX rows,"Published projection/estimated rate; not observed population change, population size, or climate vulnerability.",15,measured_condition: average-linkage seriation over pairwise shared features; no imputation
measured_condition,NR,Nauru,11,renewable-energy-share-in-the-total-final-energy-consumption,Renewable energy share,candidate_context,1.75,20.0,PERCENT,2022.0,latest returned candidate row; source years vary,True,total final energy consumption,52b25babb2b84e64eccd292e2f9ab96f5cd81a81e30955769d2b11376b5f2d2e,Pacific Data Hub official SDMX rows,"The share does not measure energy access, reliability, or adaptation capacity.",15,measured_condition: average-linkage seriation over pairwise shared features; no imputation
measured_condition,NR,Nauru,12,proportion-of-population-using-safely-managed-drinking-water-services,Safely managed drinking water,candidate_context,100.0,100.0,PERCENT,2020.0,latest returned candidate row; source years vary,True,population in the represented geography,785f0a677d060f46971e73c8c4c6c17f492a8e4249530d5ff8f1bf77322b35f6,Pacific Data Hub official SDMX rows,"This is essential-service context, not a climate-attribution measure.",15,measured_condition: average-linkage seriation over pairwise shared features; no imputation
measured_condition,NR,Nauru,13,climate-altering-land-cover-index,Climate-altering land-cover index,candidate_context,100.0,47.72727272727273,PERCENT,2022.0,latest returned candidate row; source years vary,True,not applicable to the published index,dfa105088bb2f186bb33eafd81bc616fa7672fbe0c9e4f174d67669ded351783,Pacific Data Hub official SDMX rows,The source direction and baseline need review before narrative interpretation.,15,measured_condition: average-linkage seriation over pairwise shared features; no imputation
measured_condition,TV,Tuvalu,1,fisheries-management-measures-in-place-and-multilateral-and-bilateral-fisheries-management-arrangements,Fisheries management measures in place and multilateral and bilateral fisheries management arrangements,adaptation_capacity,43.0,50.0,N,2026.0,latest returned indicator trace row; source years vary,True,not supplied in processed official row,0a7f29c1fba6904807259d7d00d6e53157c838a52cee3377ecbe3fd8590be14b,Pacific Data Hub official SDMX rows,Partial proxy only; it does not establish preparedness or adaptation readiness.,16,measured_condition: average-linkage seriation over pairwise shared features; no imputation
measured_condition,TV,Tuvalu,2,greenhouse-gas-emissions-per-capita,Greenhouse gas emissions per capita,responsibility_context,0.4,35.294117647058826,TON,2024.0,latest returned indicator trace row; source years vary,True,population denominator implied by per-capita indicator; size not supplied,767f373dcf53dbd9e3ae0d9616325914a8fd503a00cf9b23585cfd4a9bbe54be,Pacific Data Hub official SDMX rows,"Responsibility context only; it is not a blame, vulnerability, or score input.",16,measured_condition: average-linkage seriation over pairwise shared features; no imputation
measured_condition,TV,Tuvalu,3,mean-sea-surface-temperature-anomalies,Mean sea surface temperature anomalies,climate_signal,0.4,16.666666666666664,CELSIUS,2025.0,latest returned indicator trace row; source years vary,True,not applicable; published anomaly measure,49c19d938ffc54b67c3912b9ed196651a8739fbf2f42b7cf2763919c6715158a,Pacific Data Hub official SDMX rows,"Measured latest condition; descriptive, non-causal, and comparable within indicator.",16,measured_condition: average-linkage seriation over pairwise shared features; no imputation
measured_condition,TV,Tuvalu,4,mean-surface-temperature-anomalies,Mean surface temperature anomalies,climate_signal,0.5,36.36363636363637,CELSIUS,2025.0,latest returned indicator trace row; source years vary,True,not applicable; published anomaly measure,0b6756874ef92ea5d3762ffaa4ef0226ad7c7bbf579c953478b53795f784e496,Pacific Data Hub official SDMX rows,"Measured latest condition; descriptive, non-causal, and comparable within indicator.",16,measured_condition: average-linkage seriation over pairwise shared features; no imputation
measured_condition,TV,Tuvalu,5,meteorological-monitoring-network,Meteorological monitoring network,adaptation_capacity,3.0,55.55555555555556,N,2026.0,latest returned indicator trace row; source years vary,True,not supplied in processed official row,a542d369bc0b12908ac77a1443c1bd8a3ba84fe6608210b954a6b3516a7195eb,Pacific Data Hub official SDMX rows,Partial proxy only; it does not establish preparedness or adaptation readiness.,16,measured_condition: average-linkage seriation over pairwise shared features; no imputation
measured_condition,TV,Tuvalu,6,number-of-directly-affected-persons-attributed-to-disasters,Number of directly affected persons attributed to disasters,observed_stress,7748.0,85.71428571428571,N,2022.0,latest returned indicator trace row; source years vary,True,not supplied in processed official row,2bb84aae16aa9374688ca3235ea85eb21dae1eac4a571c5cf002b3d4f8f9e247,Pacific Data Hub official SDMX rows,"Measured latest condition; descriptive, non-causal, and comparable within indicator.",16,measured_condition: average-linkage seriation over pairwise shared features; no imputation
measured_condition,TV,Tuvalu,7,power-generation,Power generation,adaptation_capacity,11.7,16.666666666666664,GWH,2023.0,latest returned indicator trace row; source years vary,True,not supplied in processed official row,96424dbf3fa42474313d30b1b3f5c33a2cbb58bc558ef1d68cb623dcf0bdeb7c,Pacific Data Hub official SDMX rows,Partial proxy only; it does not establish preparedness or adaptation readiness.,16,measured_condition: average-linkage seriation over pairwise shared features; no imputation
measured_condition,TV,Tuvalu,8,rainfall-anomalies,Rainfall anomalies,climate_signal,-15.6,86.36363636363636,MM,2025.0,latest returned indicator trace row; source years vary,True,not applicable; published anomaly measure,2e1e902394d64eca06c291f6cea0f4bf81084b8bbf7ac5c744045bf156d4768b,Pacific Data Hub official SDMX rows,"Measured latest condition; descriptive, non-causal, and comparable within indicator.",16,measured_condition: average-linkage seriation over pairwise shared features; no imputation
measured_condition,TV,Tuvalu,9,sea-level-anomalies,Sea level anomalies,climate_signal,0.1,50.0,METER,2023.0,latest returned indicator trace row; source years vary,True,not applicable; published anomaly measure,dcb0ef8f11c1acdc0a9cc0c1c7313ae098765f61898b4b06f32ebd921e4c7826,Pacific Data Hub official SDMX rows,"Measured latest condition; descriptive, non-causal, and comparable within indicator.",16,measured_condition: average-linkage seriation over pairwise shared features; no imputation
measured_condition,TV,Tuvalu,10,population-growth,Projected population growth,candidate_context,-1.68,18.181818181818183,PERCENT,2025.0,latest returned candidate row; source years vary,True,prior-period population implied by the published rate,9c8c38fc393e4999215e88e4557d247dd2190e03be65002893603aa1c0ec516d,Pacific Data Hub official SDMX rows,"Published projection/estimated rate; not observed population change, population size, or climate vulnerability.",16,measured_condition: average-linkage seriation over pairwise shared features; no imputation
measured_condition,TV,Tuvalu,11,renewable-energy-share-in-the-total-final-energy-consumption,Renewable energy share,candidate_context,5.52,45.0,PERCENT,2022.0,latest returned candidate row; source years vary,True,total final energy consumption,c8a057c49faa7d9e52f440b1d285642cff08851516f75edd8e3fc4ac53c1ddd1,Pacific Data Hub official SDMX rows,"The share does not measure energy access, reliability, or adaptation capacity.",16,measured_condition: average-linkage seriation over pairwise shared features; no imputation
measured_condition,TV,Tuvalu,12,proportion-of-population-using-safely-managed-drinking-water-services,Safely managed drinking water,candidate_context,99.26,84.21052631578947,PERCENT,2022.0,latest returned candidate row; source years vary,True,population in the represented geography,6e1555bc36dbf852ac8cdaa54198ccba7851d8ec59614794d85bfb13fb84b6dd,Pacific Data Hub official SDMX rows,"This is essential-service context, not a climate-attribution measure.",16,measured_condition: average-linkage seriation over pairwise shared features; no imputation
measured_condition,TV,Tuvalu,13,climate-altering-land-cover-index,Climate-altering land-cover index,candidate_context,100.0,47.72727272727273,PERCENT,2022.0,latest returned candidate row; source years vary,True,not applicable to the published index,bde57c0d59b8331041ba6ad881707963a9220285ab03f29f04930f7ac66ca4ec,Pacific Data Hub official SDMX rows,The source direction and baseline need review before narrative interpretation.,16,measured_condition: average-linkage seriation over pairwise shared features; no imputation
measured_condition,CK,Cook Islands,1,fisheries-management-measures-in-place-and-multilateral-and-bilateral-fisheries-management-arrangements,Fisheries management measures in place and multilateral and bilateral fisheries management arrangements,adaptation_capacity,63.0,61.36363636363637,N,2026.0,latest returned indicator trace row; source years vary,True,not supplied in processed official row,c2a350ac4fd433b2d7a3f212cb81468ee80fd0a6023341b68ea7eb88b7d04216,Pacific Data Hub official SDMX rows,Partial proxy only; it does not establish preparedness or adaptation readiness.,17,measured_condition: average-linkage seriation over pairwise shared features; no imputation
measured_condition,CK,Cook Islands,2,greenhouse-gas-emissions-per-capita,Greenhouse gas emissions per capita,responsibility_context,,,TON,,latest returned indicator trace row; source years vary,False,population denominator implied by per-capita indicator; size not supplied,,Pacific Data Hub official SDMX rows,"Responsibility context only; it is not a blame, vulnerability, or score input.",17,measured_condition: average-linkage seriation over pairwise shared features; no imputation
measured_condition,CK,Cook Islands,3,mean-sea-surface-temperature-anomalies,Mean sea surface temperature anomalies,climate_signal,0.5,33.33333333333333,CELSIUS,2025.0,latest returned indicator trace row; source years vary,True,not applicable; published anomaly measure,bffa8c3d2f3f453078af560e88136f3172f98faa97420371a2e603e800d16bbd,Pacific Data Hub official SDMX rows,"Measured latest condition; descriptive, non-causal, and comparable within indicator.",17,measured_condition: average-linkage seriation over pairwise shared features; no imputation
measured_condition,CK,Cook Islands,4,mean-surface-temperature-anomalies,Mean surface temperature anomalies,climate_signal,0.5,36.36363636363637,CELSIUS,2025.0,latest returned indicator trace row; source years vary,True,not applicable; published anomaly measure,1962eeb82c0c30e177ac8085982c0de13eaabdfa575d58152931e4a4cc3475b5,Pacific Data Hub official SDMX rows,"Measured latest condition; descriptive, non-causal, and comparable within indicator.",17,measured_condition: average-linkage seriation over pairwise shared features; no imputation
measured_condition,CK,Cook Islands,5,meteorological-monitoring-network,Meteorological monitoring network,adaptation_capacity,2.0,38.88888888888889,N,2026.0,latest returned indicator trace row; source years vary,True,not supplied in processed official row,e2e333faf8cf35dbc27c1a8b9746c269b49254d90ab2a48a534c57b531e2c20e,Pacific Data Hub official SDMX rows,Partial proxy only; it does not establish preparedness or adaptation readiness.,17,measured_condition: average-linkage seriation over pairwise shared features; no imputation
measured_condition,CK,Cook Islands,6,number-of-directly-affected-persons-attributed-to-disasters,Number of directly affected persons attributed to disasters,observed_stress,0.0,19.047619047619047,N,2020.0,latest returned indicator trace row; source years vary,True,not supplied in processed official row,86f4a39f61f1437fd4cd528224194cf1fec07ecb8903db62b13fa19bbf4c50e4,Pacific Data Hub official SDMX rows,"Measured latest condition; descriptive, non-causal, and comparable within indicator.",17,measured_condition: average-linkage seriation over pairwise shared features; no imputation
measured_condition,CK,Cook Islands,7,power-generation,Power generation,adaptation_capacity,43.6,27.77777777777778,GWH,2023.0,latest returned indicator trace row; source years vary,True,not supplied in processed official row,5f1fe55701578ee7effa6ca286baafda6c14aba39287764e1e2be7c5774e21d5,Pacific Data Hub official SDMX rows,Partial proxy only; it does not establish preparedness or adaptation readiness.,17,measured_condition: average-linkage seriation over pairwise shared features; no imputation
measured_condition,CK,Cook Islands,8,rainfall-anomalies,Rainfall anomalies,climate_signal,-7.2,45.45454545454545,MM,2025.0,latest returned indicator trace row; source years vary,True,not applicable; published anomaly measure,506332577e20172e500b851753f1b7d3fc0a550e3b97bc662cc974842295e19e,Pacific Data Hub official SDMX rows,"Measured latest condition; descriptive, non-causal, and comparable within indicator.",17,measured_condition: average-linkage seriation over pairwise shared features; no imputation
measured_condition,CK,Cook Islands,9,sea-level-anomalies,Sea level anomalies,climate_signal,0.1,50.0,METER,2023.0,latest returned indicator trace row; source years vary,True,not applicable; published anomaly measure,5263be9297ceebb84f8b705529f89a35fc53a269fa72ab798a0e3872433129b3,Pacific Data Hub official SDMX rows,"Measured latest condition; descriptive, non-causal, and comparable within indicator.",17,measured_condition: average-linkage seriation over pairwise shared features; no imputation
measured_condition,CK,Cook Islands,10,population-growth,Projected population growth,candidate_context,-3.41,4.545454545454546,PERCENT,2025.0,latest returned candidate row; source years vary,True,prior-period population implied by the published rate,c805f2eef26c6e33fa12bc2dae4a4d307d33536af2e757cd37c7f9ff69658fd0,Pacific Data Hub official SDMX rows,"Published projection/estimated rate; not observed population change, population size, or climate vulnerability.",17,measured_condition: average-linkage seriation over pairwise shared features; no imputation
measured_condition,CK,Cook Islands,11,renewable-energy-share-in-the-total-final-energy-consumption,Renewable energy share,candidate_context,8.52,55.00000000000001,PERCENT,2022.0,latest returned candidate row; source years vary,True,total final energy consumption,d7f187b394f6542a486862b6ba01d77a09a0930844f7f28fb26c72ee64ddd17c,Pacific Data Hub official SDMX rows,"The share does not measure energy access, reliability, or adaptation capacity.",17,measured_condition: average-linkage seriation over pairwise shared features; no imputation
measured_condition,CK,Cook Islands,12,proportion-of-population-using-safely-managed-drinking-water-services,Safely managed drinking water,candidate_context,99.97,94.73684210526315,PERCENT,2022.0,latest returned candidate row; source years vary,True,population in the represented geography,6fc23f2cd8b81c5526dddc95476d480653288c8d5c1e03c4994e88c5bce6c7dc,Pacific Data Hub official SDMX rows,"This is essential-service context, not a climate-attribution measure.",17,measured_condition: average-linkage seriation over pairwise shared features; no imputation
measured_condition,CK,Cook Islands,13,climate-altering-land-cover-index,Climate-altering land-cover index,candidate_context,100.0,47.72727272727273,PERCENT,2022.0,latest returned candidate row; source years vary,True,not applicable to the published index,287150b05682cb3a44492d554bc0759015c30c0477394a2c4ed64ed398338ae8,Pacific Data Hub official SDMX rows,The source direction and baseline need review before narrative interpretation.,17,measured_condition: average-linkage seriation over pairwise shared features; no imputation
measured_condition,TO,Tonga,1,fisheries-management-measures-in-place-and-multilateral-and-bilateral-fisheries-management-arrangements,Fisheries management measures in place and multilateral and bilateral fisheries management arrangements,adaptation_capacity,77.0,90.9090909090909,N,2026.0,latest returned indicator trace row; source years vary,True,not supplied in processed official row,c5b5a8e999ab5a2af5b815304caa00478dc5fc10e709a8a10d3e5f48d1472c48,Pacific Data Hub official SDMX rows,Partial proxy only; it does not establish preparedness or adaptation readiness.,18,measured_condition: average-linkage seriation over pairwise shared features; no imputation
measured_condition,TO,Tonga,2,greenhouse-gas-emissions-per-capita,Greenhouse gas emissions per capita,responsibility_context,2.8,76.47058823529412,TON,2024.0,latest returned indicator trace row; source years vary,True,population denominator implied by per-capita indicator; size not supplied,fdaa50bae4704d1071067ccbdca38e3fd6765d585ef41036f24f1c3a44a29ef1,Pacific Data Hub official SDMX rows,"Responsibility context only; it is not a blame, vulnerability, or score input.",18,measured_condition: average-linkage seriation over pairwise shared features; no imputation
measured_condition,TO,Tonga,3,mean-sea-surface-temperature-anomalies,Mean sea surface temperature anomalies,climate_signal,0.6,52.38095238095239,CELSIUS,2025.0,latest returned indicator trace row; source years vary,True,not applicable; published anomaly measure,c7cd15912892f0262561c242060a98089899a6c8310b6fce6bd67fe147da1476,Pacific Data Hub official SDMX rows,"Measured latest condition; descriptive, non-causal, and comparable within indicator.",18,measured_condition: average-linkage seriation over pairwise shared features; no imputation
measured_condition,TO,Tonga,4,mean-surface-temperature-anomalies,Mean surface temperature anomalies,climate_signal,0.6,56.81818181818182,CELSIUS,2025.0,latest returned indicator trace row; source years vary,True,not applicable; published anomaly measure,3af877a5f64ff4046ebe3dfebc58f2d59ed2bca7836920501491e17e3048d89a,Pacific Data Hub official SDMX rows,"Measured latest condition; descriptive, non-causal, and comparable within indicator.",18,measured_condition: average-linkage seriation over pairwise shared features; no imputation
measured_condition,TO,Tonga,5,meteorological-monitoring-network,Meteorological monitoring network,adaptation_capacity,4.0,72.22222222222221,N,2026.0,latest returned indicator trace row; source years vary,True,not supplied in processed official row,8acb8fc2cf175cd98a1ff337bc86341e1801e4b2f25eedef0e437a385b58c800,Pacific Data Hub official SDMX rows,Partial proxy only; it does not establish preparedness or adaptation readiness.,18,measured_condition: average-linkage seriation over pairwise shared features; no imputation
measured_condition,TO,Tonga,6,number-of-directly-affected-persons-attributed-to-disasters,Number of directly affected persons attributed to disasters,observed_stress,68.0,42.857142857142854,N,2020.0,latest returned indicator trace row; source years vary,True,not supplied in processed official row,bac8f2db455cecef49bc797c97f961ddaf98b660f4cd0b1d14371183ac95596e,Pacific Data Hub official SDMX rows,"Measured latest condition; descriptive, non-causal, and comparable within indicator.",18,measured_condition: average-linkage seriation over pairwise shared features; no imputation
measured_condition,TO,Tonga,7,power-generation,Power generation,adaptation_capacity,81.5,38.88888888888889,GWH,2023.0,latest returned indicator trace row; source years vary,True,not supplied in processed official row,5d97ad8c0b1f14dad1889fb57cf3c03e656fb33a58cb5fdda3a7ddad87c0ebf5,Pacific Data Hub official SDMX rows,Partial proxy only; it does not establish preparedness or adaptation readiness.,18,measured_condition: average-linkage seriation over pairwise shared features; no imputation
measured_condition,TO,Tonga,8,rainfall-anomalies,Rainfall anomalies,climate_signal,16.3,90.9090909090909,MM,2025.0,latest returned indicator trace row; source years vary,True,not applicable; published anomaly measure,f2bc8a0049195c56898227ab514061ebf08e0b11243cc29337e4ad0e471e62c9,Pacific Data Hub official SDMX rows,"Measured latest condition; descriptive, non-causal, and comparable within indicator.",18,measured_condition: average-linkage seriation over pairwise shared features; no imputation
measured_condition,TO,Tonga,9,sea-level-anomalies,Sea level anomalies,climate_signal,0.1,50.0,METER,2023.0,latest returned indicator trace row; source years vary,True,not applicable; published anomaly measure,5ac93343644f2f94928cced887976bd8d99694d5e02ff90b2b634af8661e47d2,Pacific Data Hub official SDMX rows,"Measured latest condition; descriptive, non-causal, and comparable within indicator.",18,measured_condition: average-linkage seriation over pairwise shared features; no imputation
measured_condition,TO,Tonga,10,population-growth,Projected population growth,candidate_context,-0.39,31.818181818181817,PERCENT,2025.0,latest returned candidate row; source years vary,True,prior-period population implied by the published rate,d58e1f193789bee99c870e1e7b2199a9e6dfa11309aa27093084367a080346e6,Pacific Data Hub official SDMX rows,"Published projection/estimated rate; not observed population change, population size, or climate vulnerability.",18,measured_condition: average-linkage seriation over pairwise shared features; no imputation
measured_condition,TO,Tonga,11,renewable-energy-share-in-the-total-final-energy-consumption,Renewable energy share,candidate_context,2.08,30.0,PERCENT,2022.0,latest returned candidate row; source years vary,True,total final energy consumption,a1e13f28e7c2c2ad8cdc6acaefe1c9a38935667e1fad0e612d02590676832c04,Pacific Data Hub official SDMX rows,"The share does not measure energy access, reliability, or adaptation capacity.",18,measured_condition: average-linkage seriation over pairwise shared features; no imputation
measured_condition,TO,Tonga,12,proportion-of-population-using-safely-managed-drinking-water-services,Safely managed drinking water,candidate_context,98.81,73.68421052631578,PERCENT,2022.0,latest returned candidate row; source years vary,True,population in the represented geography,652928a49ba62cda9cea3b78d1157affca2adb428c057e89ab5e539deab56c7a,Pacific Data Hub official SDMX rows,"This is essential-service context, not a climate-attribution measure.",18,measured_condition: average-linkage seriation over pairwise shared features; no imputation
measured_condition,TO,Tonga,13,climate-altering-land-cover-index,Climate-altering land-cover index,candidate_context,100.0,47.72727272727273,PERCENT,2022.0,latest returned candidate row; source years vary,True,not applicable to the published index,5036e51b8f651be1a1854391b597f43d78172f67e328f18e465f530a541426b5,Pacific Data Hub official SDMX rows,The source direction and baseline need review before narrative interpretation.,18,measured_condition: average-linkage seriation over pairwise shared features; no imputation
measured_condition,WS,Samoa,1,fisheries-management-measures-in-place-and-multilateral-and-bilateral-fisheries-management-arrangements,Fisheries management measures in place and multilateral and bilateral fisheries management arrangements,adaptation_capacity,54.0,54.54545454545454,N,2026.0,latest returned indicator trace row; source years vary,True,not supplied in processed official row,ed916b1a8c46139de50bd5325d4fa491eafdbed9cce765163e10757ffbb6287a,Pacific Data Hub official SDMX rows,Partial proxy only; it does not establish preparedness or adaptation readiness.,19,measured_condition: average-linkage seriation over pairwise shared features; no imputation
measured_condition,WS,Samoa,2,greenhouse-gas-emissions-per-capita,Greenhouse gas emissions per capita,responsibility_context,2.4,70.58823529411765,TON,2024.0,latest returned indicator trace row; source years vary,True,population denominator implied by per-capita indicator; size not supplied,ae5c87428a977153ecef7d0ae42ee34701bcea4ce3cfcee525279961e642721e,Pacific Data Hub official SDMX rows,"Responsibility context only; it is not a blame, vulnerability, or score input.",19,measured_condition: average-linkage seriation over pairwise shared features; no imputation
measured_condition,WS,Samoa,3,mean-sea-surface-temperature-anomalies,Mean sea surface temperature anomalies,climate_signal,0.5,33.33333333333333,CELSIUS,2025.0,latest returned indicator trace row; source years vary,True,not applicable; published anomaly measure,03abe3276a2e0719eb112d37aeba4c0c614184b801423d319c69b6830abf33b7,Pacific Data Hub official SDMX rows,"Measured latest condition; descriptive, non-causal, and comparable within indicator.",19,measured_condition: average-linkage seriation over pairwise shared features; no imputation
measured_condition,WS,Samoa,4,mean-surface-temperature-anomalies,Mean surface temperature anomalies,climate_signal,0.5,36.36363636363637,CELSIUS,2025.0,latest returned indicator trace row; source years vary,True,not applicable; published anomaly measure,f65dacb5fcc430db9947ad27988f05a13c6e58dbb66396899305a74265e77af2,Pacific Data Hub official SDMX rows,"Measured latest condition; descriptive, non-causal, and comparable within indicator.",19,measured_condition: average-linkage seriation over pairwise shared features; no imputation
measured_condition,WS,Samoa,5,meteorological-monitoring-network,Meteorological monitoring network,adaptation_capacity,2.0,38.88888888888889,N,2026.0,latest returned indicator trace row; source years vary,True,not supplied in processed official row,3a4386090ae7de45cfcd84939db541b2a94d7cccc75bcc9feeaccffae658d62b,Pacific Data Hub official SDMX rows,Partial proxy only; it does not establish preparedness or adaptation readiness.,19,measured_condition: average-linkage seriation over pairwise shared features; no imputation
measured_condition,WS,Samoa,6,number-of-directly-affected-persons-attributed-to-disasters,Number of directly affected persons attributed to disasters,observed_stress,138.0,47.61904761904761,N,2023.0,latest returned indicator trace row; source years vary,True,not supplied in processed official row,8ba02735d404e0cf5d5940d92edbfc395ee77352326ba0041161a588a57bbdeb,Pacific Data Hub official SDMX rows,"Measured latest condition; descriptive, non-causal, and comparable within indicator.",19,measured_condition: average-linkage seriation over pairwise shared features; no imputation
measured_condition,WS,Samoa,7,power-generation,Power generation,adaptation_capacity,202.2,72.22222222222221,GWH,2023.0,latest returned indicator trace row; source years vary,True,not supplied in processed official row,f847ca7e94f4e3b14f6d0030a74eb4e71b1521c363269d30396072addb719f83,Pacific Data Hub official SDMX rows,Partial proxy only; it does not establish preparedness or adaptation readiness.,19,measured_condition: average-linkage seriation over pairwise shared features; no imputation
measured_condition,WS,Samoa,8,rainfall-anomalies,Rainfall anomalies,climate_signal,13.9,81.81818181818183,MM,2025.0,latest returned indicator trace row; source years vary,True,not applicable; published anomaly measure,4cb3dd2445111539c82ed82504d37ab96773455e494d68308ae3a4909e971bde,Pacific Data Hub official SDMX rows,"Measured latest condition; descriptive, non-causal, and comparable within indicator.",19,measured_condition: average-linkage seriation over pairwise shared features; no imputation
measured_condition,WS,Samoa,9,sea-level-anomalies,Sea level anomalies,climate_signal,0.1,50.0,METER,2023.0,latest returned indicator trace row; source years vary,True,not applicable; published anomaly measure,fce4bc49f714dd8262cd565e9d01e32ee74b0e3dd9e5f04261c1d1cd89adf7a2,Pacific Data Hub official SDMX rows,"Measured latest condition; descriptive, non-causal, and comparable within indicator.",19,measured_condition: average-linkage seriation over pairwise shared features; no imputation
measured_condition,WS,Samoa,10,population-growth,Projected population growth,candidate_context,0.62,63.63636363636363,PERCENT,2025.0,latest returned candidate row; source years vary,True,prior-period population implied by the published rate,d1f701c11546ebe85b32f052456960329046c033df890452dbb96b2eda5ff6aa,Pacific Data Hub official SDMX rows,"Published projection/estimated rate; not observed population change, population size, or climate vulnerability.",19,measured_condition: average-linkage seriation over pairwise shared features; no imputation
measured_condition,WS,Samoa,11,renewable-energy-share-in-the-total-final-energy-consumption,Renewable energy share,candidate_context,31.75,85.0,PERCENT,2022.0,latest returned candidate row; source years vary,True,total final energy consumption,c8cb4783f4f663771ab4816c580f1b8a677d87d3ee4c391112fe33d0b5f507a7,Pacific Data Hub official SDMX rows,"The share does not measure energy access, reliability, or adaptation capacity.",19,measured_condition: average-linkage seriation over pairwise shared features; no imputation
measured_condition,WS,Samoa,12,proportion-of-population-using-safely-managed-drinking-water-services,Safely managed drinking water,candidate_context,99.04,78.94736842105263,PERCENT,2022.0,latest returned candidate row; source years vary,True,population in the represented geography,11e30081244bc97c1562c5c14698f1aa42b827a3849efe3eef2b568489742e23,Pacific Data Hub official SDMX rows,"This is essential-service context, not a climate-attribution measure.",19,measured_condition: average-linkage seriation over pairwise shared features; no imputation
measured_condition,WS,Samoa,13,climate-altering-land-cover-index,Climate-altering land-cover index,candidate_context,51.4,4.545454545454546,PERCENT,2022.0,latest returned candidate row; source years vary,True,not applicable to the published index,8729222597c9b18db9921f8721afefa1fff6ad4f51033de9ca1944346886fbae,Pacific Data Hub official SDMX rows,The source direction and baseline need review before narrative interpretation.,19,measured_condition: average-linkage seriation over pairwise shared features; no imputation
measured_condition,TK,Tokelau,1,fisheries-management-measures-in-place-and-multilateral-and-bilateral-fisheries-management-arrangements,Fisheries management measures in place and multilateral and bilateral fisheries management arrangements,adaptation_capacity,11.0,13.636363636363637,N,2026.0,latest returned indicator trace row; source years vary,True,not supplied in processed official row,e664ca3d3488f2163be0ba90136345122dcc3f49ff74c73c74a2ce19531aae43,Pacific Data Hub official SDMX rows,Partial proxy only; it does not establish preparedness or adaptation readiness.,20,measured_condition: average-linkage seriation over pairwise shared features; no imputation
measured_condition,TK,Tokelau,2,greenhouse-gas-emissions-per-capita,Greenhouse gas emissions per capita,responsibility_context,,,TON,,latest returned indicator trace row; source years vary,False,population denominator implied by per-capita indicator; size not supplied,,Pacific Data Hub official SDMX rows,"Responsibility context only; it is not a blame, vulnerability, or score input.",20,measured_condition: average-linkage seriation over pairwise shared features; no imputation
measured_condition,TK,Tokelau,3,mean-sea-surface-temperature-anomalies,Mean sea surface temperature anomalies,climate_signal,0.4,16.666666666666664,CELSIUS,2025.0,latest returned indicator trace row; source years vary,True,not applicable; published anomaly measure,480840295e864c7330e1aa794a2eb62f31807f69d135db6413c09eabe9e2d03d,Pacific Data Hub official SDMX rows,"Measured latest condition; descriptive, non-causal, and comparable within indicator.",20,measured_condition: average-linkage seriation over pairwise shared features; no imputation
measured_condition,TK,Tokelau,4,mean-surface-temperature-anomalies,Mean surface temperature anomalies,climate_signal,0.4,15.909090909090908,CELSIUS,2025.0,latest returned indicator trace row; source years vary,True,not applicable; published anomaly measure,db273ae709cc8c0291b642beff294ab677c1d11001bf4b6aebc3f34aa09c5aa3,Pacific Data Hub official SDMX rows,"Measured latest condition; descriptive, non-causal, and comparable within indicator.",20,measured_condition: average-linkage seriation over pairwise shared features; no imputation
measured_condition,TK,Tokelau,5,meteorological-monitoring-network,Meteorological monitoring network,adaptation_capacity,1.0,25.0,N,2026.0,latest returned indicator trace row; source years vary,True,not supplied in processed official row,451c0a0437fa141e9b506fb2ea31a8ee5176fed1d0d986cf230068666100e40d,Pacific Data Hub official SDMX rows,Partial proxy only; it does not establish preparedness or adaptation readiness.,20,measured_condition: average-linkage seriation over pairwise shared features; no imputation
measured_condition,TK,Tokelau,6,number-of-directly-affected-persons-attributed-to-disasters,Number of directly affected persons attributed to disasters,observed_stress,0.0,19.047619047619047,N,2011.0,latest returned indicator trace row; source years vary,True,not supplied in processed official row,616dc2a6c63fc0639c9bc170830581419a043c5bcc774da287ca987345b370c3,Pacific Data Hub official SDMX rows,"Measured latest condition; descriptive, non-causal, and comparable within indicator.",20,measured_condition: average-linkage seriation over pairwise shared features; no imputation
measured_condition,TK,Tokelau,7,power-generation,Power generation,adaptation_capacity,1.8,5.555555555555555,GWH,2023.0,latest returned indicator trace row; source years vary,True,not supplied in processed official row,a60d0fe8c61cacdf5844766864ba6fb38f6ee7ee4365d878bc051788e47fb039,Pacific Data Hub official SDMX rows,Partial proxy only; it does not establish preparedness or adaptation readiness.,20,measured_condition: average-linkage seriation over pairwise shared features; no imputation
measured_condition,TK,Tokelau,8,rainfall-anomalies,Rainfall anomalies,climate_signal,-5.6,27.27272727272727,MM,2025.0,latest returned indicator trace row; source years vary,True,not applicable; published anomaly measure,c2328d010ca718ca4d2a45f5f5f872c2113850c78997713cd09c0ef09a230a0b,Pacific Data Hub official SDMX rows,"Measured latest condition; descriptive, non-causal, and comparable within indicator.",20,measured_condition: average-linkage seriation over pairwise shared features; no imputation
measured_condition,TK,Tokelau,9,sea-level-anomalies,Sea level anomalies,climate_signal,0.1,50.0,METER,2023.0,latest returned indicator trace row; source years vary,True,not applicable; published anomaly measure,1273051b0e77354184ebf4c1eb56f8e1e9f2118d4ef58337624943e303727064,Pacific Data Hub official SDMX rows,"Measured latest condition; descriptive, non-causal, and comparable within indicator.",20,measured_condition: average-linkage seriation over pairwise shared features; no imputation
measured_condition,TK,Tokelau,10,population-growth,Projected population growth,candidate_context,4.36,100.0,PERCENT,2025.0,latest returned candidate row; source years vary,True,prior-period population implied by the published rate,ed4171494ffbf0f6284f45f803939e892c2fa4415e0c6a025aa43aa8c260d297,Pacific Data Hub official SDMX rows,"Published projection/estimated rate; not observed population change, population size, or climate vulnerability.",20,measured_condition: average-linkage seriation over pairwise shared features; no imputation
measured_condition,TK,Tokelau,11,renewable-energy-share-in-the-total-final-energy-consumption,Renewable energy share,candidate_context,,,PERCENT,,latest returned candidate row; source years vary,False,total final energy consumption,,Pacific Data Hub official SDMX rows,"The share does not measure energy access, reliability, or adaptation capacity.",20,measured_condition: average-linkage seriation over pairwise shared features; no imputation
measured_condition,TK,Tokelau,12,proportion-of-population-using-safely-managed-drinking-water-services,Safely managed drinking water,candidate_context,,,PERCENT,,latest returned candidate row; source years vary,False,population in the represented geography,,Pacific Data Hub official SDMX rows,"This is essential-service context, not a climate-attribution measure.",20,measured_condition: average-linkage seriation over pairwise shared features; no imputation
measured_condition,TK,Tokelau,13,climate-altering-land-cover-index,Climate-altering land-cover index,candidate_context,100.0,47.72727272727273,PERCENT,2022.0,latest returned candidate row; source years vary,True,not applicable to the published index,bcb5f9c371c6e14a7ca6950f409fd0cb429bf206abe452655ed8a307e369200e,Pacific Data Hub official SDMX rows,The source direction and baseline need review before narrative interpretation.,20,measured_condition: average-linkage seriation over pairwise shared features; no imputation
measured_condition,MH,Marshall Islands,1,fisheries-management-measures-in-place-and-multilateral-and-bilateral-fisheries-management-arrangements,Fisheries management measures in place and multilateral and bilateral fisheries management arrangements,adaptation_capacity,65.0,68.18181818181817,N,2026.0,latest returned indicator trace row; source years vary,True,not supplied in processed official row,1f46b8b11713bb3663645c879327b4cf988bb24a444c32cfed22cc8d3c7f3471,Pacific Data Hub official SDMX rows,Partial proxy only; it does not establish preparedness or adaptation readiness.,21,measured_condition: average-linkage seriation over pairwise shared features; no imputation
measured_condition,MH,Marshall Islands,2,greenhouse-gas-emissions-per-capita,Greenhouse gas emissions per capita,responsibility_context,0.1,14.705882352941178,TON,2024.0,latest returned indicator trace row; source years vary,True,population denominator implied by per-capita indicator; size not supplied,62225a10dc2b2f59610a2e2b9227205602bb7291d604fcb710bad08b9c1f9658,Pacific Data Hub official SDMX rows,"Responsibility context only; it is not a blame, vulnerability, or score input.",21,measured_condition: average-linkage seriation over pairwise shared features; no imputation
measured_condition,MH,Marshall Islands,3,mean-sea-surface-temperature-anomalies,Mean sea surface temperature anomalies,climate_signal,0.6,52.38095238095239,CELSIUS,2025.0,latest returned indicator trace row; source years vary,True,not applicable; published anomaly measure,797a5495c41831fa1ecccb471b523f661f8a2d698fc875a2c828d03562a81a6e,Pacific Data Hub official SDMX rows,"Measured latest condition; descriptive, non-causal, and comparable within indicator.",21,measured_condition: average-linkage seriation over pairwise shared features; no imputation
measured_condition,MH,Marshall Islands,4,mean-surface-temperature-anomalies,Mean surface temperature anomalies,climate_signal,0.4,15.909090909090908,CELSIUS,2025.0,latest returned indicator trace row; source years vary,True,not applicable; published anomaly measure,6c3d2e23acf9a981667bb126d5ebda4181418892e8cdb3e3b3845efdf3c9f94c,Pacific Data Hub official SDMX rows,"Measured latest condition; descriptive, non-causal, and comparable within indicator.",21,measured_condition: average-linkage seriation over pairwise shared features; no imputation
measured_condition,MH,Marshall Islands,5,meteorological-monitoring-network,Meteorological monitoring network,adaptation_capacity,2.0,38.88888888888889,N,2026.0,latest returned indicator trace row; source years vary,True,not supplied in processed official row,4c51aa9b6c98acf68e07cbf063dff4bf55e0bfb0770b93336c596e4ef49db30e,Pacific Data Hub official SDMX rows,Partial proxy only; it does not establish preparedness or adaptation readiness.,21,measured_condition: average-linkage seriation over pairwise shared features; no imputation
measured_condition,MH,Marshall Islands,6,number-of-directly-affected-persons-attributed-to-disasters,Number of directly affected persons attributed to disasters,observed_stress,52914.0,100.0,N,2022.0,latest returned indicator trace row; source years vary,True,not supplied in processed official row,ca9fafa4bb07403354674397f7a3c0c27089c69f91e35973a17cf7da54c12097,Pacific Data Hub official SDMX rows,"Measured latest condition; descriptive, non-causal, and comparable within indicator.",21,measured_condition: average-linkage seriation over pairwise shared features; no imputation
measured_condition,MH,Marshall Islands,7,power-generation,Power generation,adaptation_capacity,82.9,44.44444444444444,GWH,2023.0,latest returned indicator trace row; source years vary,True,not supplied in processed official row,894b1f60217e6f8c0067adb5e3f5584928d87e14f0d3e1dec29c5932c8039450,Pacific Data Hub official SDMX rows,Partial proxy only; it does not establish preparedness or adaptation readiness.,21,measured_condition: average-linkage seriation over pairwise shared features; no imputation
measured_condition,MH,Marshall Islands,8,rainfall-anomalies,Rainfall anomalies,climate_signal,-4.3,18.181818181818183,MM,2025.0,latest returned indicator trace row; source years vary,True,not applicable; published anomaly measure,bd45b2fbeffa0ba15cf4b45b74f9c911de847cbb70d86f600b8a6572c644676c,Pacific Data Hub official SDMX rows,"Measured latest condition; descriptive, non-causal, and comparable within indicator.",21,measured_condition: average-linkage seriation over pairwise shared features; no imputation
measured_condition,MH,Marshall Islands,9,sea-level-anomalies,Sea level anomalies,climate_signal,0.1,50.0,METER,2023.0,latest returned indicator trace row; source years vary,True,not applicable; published anomaly measure,9ffd400fea138abe16de3ecadb18eba58524024e4c0dd7a257df807b186062c8,Pacific Data Hub official SDMX rows,"Measured latest condition; descriptive, non-causal, and comparable within indicator.",21,measured_condition: average-linkage seriation over pairwise shared features; no imputation
measured_condition,MH,Marshall Islands,10,population-growth,Projected population growth,candidate_context,-3.32,9.090909090909092,PERCENT,2025.0,latest returned candidate row; source years vary,True,prior-period population implied by the published rate,9b82ed6fcc0ae604544a769247a5720c0adb0d147d1f8f125dda3d23c6bfdbfa,Pacific Data Hub official SDMX rows,"Published projection/estimated rate; not observed population change, population size, or climate vulnerability.",21,measured_condition: average-linkage seriation over pairwise shared features; no imputation
measured_condition,MH,Marshall Islands,11,renewable-energy-share-in-the-total-final-energy-consumption,Renewable energy share,candidate_context,11.68,70.0,PERCENT,2022.0,latest returned candidate row; source years vary,True,total final energy consumption,d72426da49d0c901cb9e85a47887e73fea84e9bed357c8157c402133eb06a9c0,Pacific Data Hub official SDMX rows,"The share does not measure energy access, reliability, or adaptation capacity.",21,measured_condition: average-linkage seriation over pairwise shared features; no imputation
measured_condition,MH,Marshall Islands,12,proportion-of-population-using-safely-managed-drinking-water-services,Safely managed drinking water,candidate_context,85.06,31.57894736842105,PERCENT,2022.0,latest returned candidate row; source years vary,True,population in the represented geography,9a6566b7ee7c571e018ff443ec3a9a0c650ce31a3eb3e84c1688b46922036c2a,Pacific Data Hub official SDMX rows,"This is essential-service context, not a climate-attribution measure.",21,measured_condition: average-linkage seriation over pairwise shared features; no imputation
measured_condition,MH,Marshall Islands,13,climate-altering-land-cover-index,Climate-altering land-cover index,candidate_context,100.0,47.72727272727273,PERCENT,2022.0,latest returned candidate row; source years vary,True,not applicable to the published index,92ca6860521072e35b99bd8ae474d36a8cdae091cb71c4ca8f58c8fc789023cd,Pacific Data Hub official SDMX rows,The source direction and baseline need review before narrative interpretation.,21,measured_condition: average-linkage seriation over pairwise shared features; no imputation
measured_condition,KI,Kiribati,1,fisheries-management-measures-in-place-and-multilateral-and-bilateral-fisheries-management-arrangements,Fisheries management measures in place and multilateral and bilateral fisheries management arrangements,adaptation_capacity,71.0,81.81818181818183,N,2026.0,latest returned indicator trace row; source years vary,True,not supplied in processed official row,b457f0b858e5f2b6269a220260dc6d15d5a0d65bf9b6f868520d989c6ff866c9,Pacific Data Hub official SDMX rows,Partial proxy only; it does not establish preparedness or adaptation readiness.,22,measured_condition: average-linkage seriation over pairwise shared features; no imputation
measured_condition,KI,Kiribati,2,greenhouse-gas-emissions-per-capita,Greenhouse gas emissions per capita,responsibility_context,0.9,52.94117647058824,TON,2024.0,latest returned indicator trace row; source years vary,True,population denominator implied by per-capita indicator; size not supplied,dec3beb22e1f16cdb075b0968cbf71b4b65a92c8e4edad788e8c72dbb5a6d8d6,Pacific Data Hub official SDMX rows,"Responsibility context only; it is not a blame, vulnerability, or score input.",22,measured_condition: average-linkage seriation over pairwise shared features; no imputation
measured_condition,KI,Kiribati,3,mean-sea-surface-temperature-anomalies,Mean sea surface temperature anomalies,climate_signal,0.1,4.761904761904762,CELSIUS,2025.0,latest returned indicator trace row; source years vary,True,not applicable; published anomaly measure,1b3d0123f59d7a8b4549b1c2b5dd7777afce339dee1b8dd6d164f6cd003568e6,Pacific Data Hub official SDMX rows,"Measured latest condition; descriptive, non-causal, and comparable within indicator.",22,measured_condition: average-linkage seriation over pairwise shared features; no imputation
measured_condition,KI,Kiribati,4,mean-surface-temperature-anomalies,Mean surface temperature anomalies,climate_signal,0.0,4.545454545454546,CELSIUS,2025.0,latest returned indicator trace row; source years vary,True,not applicable; published anomaly measure,063c2d0b62371de48cbbc7e5a39180868d16c3324ceb4a432d402bb09f105e4c,Pacific Data Hub official SDMX rows,"Measured latest condition; descriptive, non-causal, and comparable within indicator.",22,measured_condition: average-linkage seriation over pairwise shared features; no imputation
measured_condition,KI,Kiribati,5,meteorological-monitoring-network,Meteorological monitoring network,adaptation_capacity,4.0,72.22222222222221,N,2026.0,latest returned indicator trace row; source years vary,True,not supplied in processed official row,c091a24fabc3c3cf89c30acf8a33bcb5b52f12da161c753393806aa5b32c4591,Pacific Data Hub official SDMX rows,Partial proxy only; it does not establish preparedness or adaptation readiness.,22,measured_condition: average-linkage seriation over pairwise shared features; no imputation
measured_condition,KI,Kiribati,6,number-of-directly-affected-persons-attributed-to-disasters,Number of directly affected persons attributed to disasters,observed_stress,333.0,57.14285714285714,N,2021.0,latest returned indicator trace row; source years vary,True,not supplied in processed official row,969a3959f55dd7544c85baff505f21a7b600b75c0cfda82fdcab2cc004570b3e,Pacific Data Hub official SDMX rows,"Measured latest condition; descriptive, non-causal, and comparable within indicator.",22,measured_condition: average-linkage seriation over pairwise shared features; no imputation
measured_condition,KI,Kiribati,7,power-generation,Power generation,adaptation_capacity,34.7,22.22222222222222,GWH,2023.0,latest returned indicator trace row; source years vary,True,not supplied in processed official row,6a8fa5b4bfa79b77131e4beb52a65b470498203c915f0c4a9042f8e90849afb9,Pacific Data Hub official SDMX rows,Partial proxy only; it does not establish preparedness or adaptation readiness.,22,measured_condition: average-linkage seriation over pairwise shared features; no imputation
measured_condition,KI,Kiribati,8,rainfall-anomalies,Rainfall anomalies,climate_signal,-22.3,95.45454545454544,MM,2025.0,latest returned indicator trace row; source years vary,True,not applicable; published anomaly measure,f39f5d9eb88caa6c2af7ff5b4bb3a5bbb9f1b1260c90f9c1ee0c73efbc6461a1,Pacific Data Hub official SDMX rows,"Measured latest condition; descriptive, non-causal, and comparable within indicator.",22,measured_condition: average-linkage seriation over pairwise shared features; no imputation
measured_condition,KI,Kiribati,9,sea-level-anomalies,Sea level anomalies,climate_signal,0.1,50.0,METER,2023.0,latest returned indicator trace row; source years vary,True,not applicable; published anomaly measure,a91930510f9937fcbbf2ce95f8a439c603bbe7164cf1eac6e7c9196d51272325,Pacific Data Hub official SDMX rows,"Measured latest condition; descriptive, non-causal, and comparable within indicator.",22,measured_condition: average-linkage seriation over pairwise shared features; no imputation
measured_condition,KI,Kiribati,10,population-growth,Projected population growth,candidate_context,1.48,81.81818181818183,PERCENT,2025.0,latest returned candidate row; source years vary,True,prior-period population implied by the published rate,8f3045e17242c3ad89a9af3cd67919829f08270192fbbd0c72286c5451282863,Pacific Data Hub official SDMX rows,"Published projection/estimated rate; not observed population change, population size, or climate vulnerability.",22,measured_condition: average-linkage seriation over pairwise shared features; no imputation
measured_condition,KI,Kiribati,11,renewable-energy-share-in-the-total-final-energy-consumption,Renewable energy share,candidate_context,41.86,90.0,PERCENT,2022.0,latest returned candidate row; source years vary,True,total final energy consumption,2ced64bf27119c4a890a7ce0a5b256021f5d44b7f83f9b3a97180b41f44ddc98,Pacific Data Hub official SDMX rows,"The share does not measure energy access, reliability, or adaptation capacity.",22,measured_condition: average-linkage seriation over pairwise shared features; no imputation
measured_condition,KI,Kiribati,12,proportion-of-population-using-safely-managed-drinking-water-services,Safely managed drinking water,candidate_context,75.69,21.052631578947366,PERCENT,2022.0,latest returned candidate row; source years vary,True,population in the represented geography,521967400af77d19b53491b6685bb4a4777d25900d6c2ebe054f3e6f72a81046,Pacific Data Hub official SDMX rows,"This is essential-service context, not a climate-attribution measure.",22,measured_condition: average-linkage seriation over pairwise shared features; no imputation
measured_condition,KI,Kiribati,13,climate-altering-land-cover-index,Climate-altering land-cover index,candidate_context,100.0,47.72727272727273,PERCENT,2022.0,latest returned candidate row; source years vary,True,not applicable to the published index,56cb0b469e15c9a63725278bc14db622d4400cd9714671b4d625d3848ae548ec,Pacific Data Hub official SDMX rows,The source direction and baseline need review before narrative interpretation.,22,measured_condition: average-linkage seriation over pairwise shared features; no imputation
